"","match_id","match_date","kick_off","home_score","away_score","match_status","last_updated","match_week","competition.competition_id","competition.country_name","competition.competition_name","season.season_id","season.season_name","home_team.home_team_id","home_team.home_team_name","home_team.managers","away_team.away_team_id","away_team.away_team_name","away_team.managers","competition_stage.id","competition_stage.name","stadium.id","stadium.name","referee.id","referee.name","referee.country.id","referee.country.name"
"1",3754058,"2016-01-02","16:00:00.000",0,0,"available","2021-10-29T23:44:19.940296",20,2,"England","Premier League",27,"2015/2016",22,"Leicester City","60, Claudio Ranieri, NA, 1951-10-20, 112, Italy",28,"AFC Bournemouth","38, Eddie Howe, NA, 1977-11-29, 68, England",1,"Regular Season",20,"King Power Stadium ",5,"Andre Marriner",68,"England"
"2",3754245,"2015-10-17","16:00:00.000",1,0,"available","2022-12-01T13:09:17.044015",9,2,"England","Premier League",27,"2015/2016",27,"West Bromwich Albion","300, Tony Pulis, NA, 1958-01-16, 249, Wales",41,"Sunderland","561, Sam Allardyce, NA, 1954-10-19, 68, England",1,"Regular Season",33,"The Hawthorns",4,"Martin Atkinson",68,"England"
"3",3754136,"2015-12-19","18:30:00.000",1,1,"available","2020-11-12T23:48:19.757269",17,2,"England","Premier League",27,"2015/2016",37,"Newcastle United","40, Steve McClaren, NA, 1961-05-03, 68, England",59,"Aston Villa","92, Rémi Garde, NA, 1966-04-03, 78, France",1,"Regular Season",4674,"St. James'' Park",4,"Martin Atkinson",68,"England"
"4",3754037,"2016-04-30","16:00:00.000",2,1,"available","2021-07-07T17:59:57.456",36,2,"England","Premier League",27,"2015/2016",29,"Everton","263, Roberto Martínez Montoliú, Roberto Martínez, 1973-07-13, 214, Spain",28,"AFC Bournemouth","38, Eddie Howe, NA, 1977-11-29, 68, England",1,"Regular Season",12,"Goodison Park",7,"Neil Swarbrick",68,"England"
"5",3754039,"2016-02-13","16:00:00.000",1,2,"available","2021-07-25T18:09:51.386",26,2,"England","Premier League",27,"2015/2016",31,"Crystal Palace","382, Alan Pardew, NA, 1961-07-18, 68, England",23,"Watford","236, Enrique Sánchez Flores, Quique Sánchez Flores, 1965-02-05, 214, Spain",1,"Regular Season",37,"Selhurst Park",9,"Robert Madley",68,"England"
"6",3754041,"2016-05-15","16:00:00.000",4,0,"available","2021-07-09T16:36:48.108",38,2,"England","Premier League",27,"2015/2016",1,"Arsenal","577, Arsène Wenger, NA, 1949-10-22, 78, France",59,"Aston Villa","5020, Eric Black, NA, 1963-10-01, 201, Scotland",1,"Regular Season",3,"Emirates Stadium",728,"Mark Clattenburg",68,"England"
"7",3754042,"2016-05-15","16:00:00.000",1,1,"available","2021-07-08T21:22:33.502",38,2,"England","Premier League",27,"2015/2016",27,"West Bromwich Albion","300, Tony Pulis, NA, 1958-01-16, 249, Wales",24,"Liverpool","94, Jürgen Klopp, NA, 1967-06-16, 85, Germany",1,"Regular Season",33,"The Hawthorns",9,"Robert Madley",68,"England"
"8",3754043,"2016-03-20","17:00:00.000",3,0,"available","2021-07-02T17:59:03.477",31,2,"England","Premier League",27,"2015/2016",38,"Tottenham Hotspur","81, Mauricio Roberto Pochettino Trossero, Mauricio Pochettino, 1972-03-02, 11, Argentina",28,"AFC Bournemouth","38, Eddie Howe, NA, 1977-11-29, 68, England",1,"Regular Season",99148,"White Hart Lane",7,"Neil Swarbrick",68,"England"
"9",3754045,"2015-12-29","20:45:00.000",0,0,"available","2021-06-30T19:08:15.538",19,2,"England","Premier League",27,"2015/2016",22,"Leicester City","60, Claudio Ranieri, NA, 1951-10-20, 112, Italy",36,"Manchester City","733, Manuel Luis Pellegrini Ripamonti, Manuel Pellegrini, 1953-09-16, 45, Chile",1,"Regular Season",20,"King Power Stadium ",2,"Craig Pawson",68,"England"
"10",3754048,"2016-04-13","21:00:00.000",0,0,"available","2021-07-09T13:20:16.291",35,2,"England","Premier League",27,"2015/2016",31,"Crystal Palace","382, Alan Pardew, NA, 1961-07-18, 68, England",29,"Everton","263, Roberto Martínez Montoliú, Roberto Martínez, 1973-07-13, 214, Spain",1,"Regular Season",37,"Selhurst Park",14,"Mike Jones",68,"England"
"11",3754049,"2016-02-27","16:00:00.000",1,0,"available","2021-06-29T20:50:58.495",27,2,"England","Premier League",27,"2015/2016",22,"Leicester City","60, Claudio Ranieri, NA, 1951-10-20, 112, Italy",56,"Norwich City","41, Alex Neil, NA, 1981-06-09, 201, Scotland",1,"Regular Season",20,"King Power Stadium ",7,"Neil Swarbrick",68,"England"
"12",3754050,"2016-03-01","20:45:00.000",2,2,"available","2022-12-01T14:08:37.435992",28,2,"England","Premier League",27,"2015/2016",41,"Sunderland","561, Sam Allardyce, NA, 1954-10-19, 68, England",31,"Crystal Palace","382, Alan Pardew, NA, 1961-07-18, 68, England",1,"Regular Season",210,"Stadium of Light",8,"Anthony Taylor",68,"England"
"13",3754052,"2016-03-19","16:00:00.000",0,1,"available","2021-07-06T17:48:58.932",31,2,"England","Premier League",27,"2015/2016",27,"West Bromwich Albion","300, Tony Pulis, NA, 1958-01-16, 249, Wales",56,"Norwich City","41, Alex Neil, NA, 1981-06-09, 201, Scotland",1,"Regular Season",33,"The Hawthorns",8,"Anthony Taylor",68,"England"
"14",3754053,"2016-03-13","17:00:00.000",0,2,"available","2021-11-04T18:24:25.370899",30,2,"England","Premier League",27,"2015/2016",59,"Aston Villa","92, Rémi Garde, NA, 1966-04-03, 78, France",38,"Tottenham Hotspur","81, Mauricio Roberto Pochettino Trossero, Mauricio Pochettino, 1972-03-02, 11, Argentina",1,"Regular Season",211,"Villa Park",8,"Anthony Taylor",68,"England"
"15",3754055,"2016-05-11","21:00:00.000",1,1,"available","2022-12-01T14:45:30.949006",30,2,"England","Premier League",27,"2015/2016",24,"Liverpool","94, Jürgen Klopp, NA, 1967-06-16, 85, Germany",33,"Chelsea","3608, Guus Hiddink, NA, 1946-11-08, 160, Netherlands",1,"Regular Season",6,"Anfield ",1,"Michael Oliver",68,"England"
"16",3754226,"2015-12-30","20:45:00.000",0,1,"available","2021-06-28T15:11:27.654",19,2,"England","Premier League",27,"2015/2016",41,"Sunderland","561, Sam Allardyce, NA, 1954-10-19, 68, England",24,"Liverpool","94, Jürgen Klopp, NA, 1967-06-16, 85, Germany",1,"Regular Season",210,"Stadium of Light",12,"Kevin Friend",68,"England"
"17",3754014,"2015-12-26","13:45:00.000",2,0,"available","2022-12-01T13:42:55.987168",18,2,"England","Premier League",27,"2015/2016",30,"Stoke City","55, Mark Hughes, NA, 1963-11-01, 249, Wales",39,"Manchester United","788, Louis van Gaal, NA, 1951-08-08, 160, Netherlands",1,"Regular Season",29,"bet365 Stadium",12,"Kevin Friend",68,"England"
"18",3754091,"2015-10-24","16:00:00.000",0,2,"available","2020-10-20T19:53:41.959575",10,2,"England","Premier League",27,"2015/2016",30,"Stoke City","55, Mark Hughes, NA, 1963-11-01, 249, Wales",23,"Watford","236, Enrique Sánchez Flores, Quique Sánchez Flores, 1965-02-05, 214, Spain",1,"Regular Season",29,"bet365 Stadium",4,"Martin Atkinson",68,"England"
"19",3754135,"2015-12-05","13:45:00.000",2,0,"available","2020-10-13T17:34:34.754810",15,2,"England","Premier League",27,"2015/2016",30,"Stoke City","55, Mark Hughes, NA, 1963-11-01, 249, Wales",36,"Manchester City","733, Manuel Luis Pellegrini Ripamonti, Manuel Pellegrini, 1953-09-16, 45, Chile",1,"Regular Season",29,"bet365 Stadium",4,"Martin Atkinson",68,"England"
"20",3754293,"2015-11-07","18:30:00.000",1,0,"available","2022-12-01T13:20:45.172631",12,2,"England","Premier League",27,"2015/2016",30,"Stoke City","55, Mark Hughes, NA, 1963-11-01, 249, Wales",33,"Chelsea","383, José Mario Felix dos Santos Mourinho, José Mourinho, 1963-01-26, 183, Portugal",1,"Regular Season",29,"bet365 Stadium",8,"Anthony Taylor",68,"England"
"21",3754339,"2015-09-26","16:00:00.000",2,1,"available","2020-08-17T09:23:22.420989",7,2,"England","Premier League",27,"2015/2016",30,"Stoke City","55, Mark Hughes, NA, 1963-11-01, 249, Wales",28,"AFC Bournemouth","38, Eddie Howe, NA, 1977-11-29, 68, England",1,"Regular Season",29,"bet365 Stadium",10,"Lee Mason",68,"England"
"22",3754146,"2015-09-19","16:00:00.000",2,2,"available","2022-07-08T23:10:50.019819",6,2,"England","Premier League",27,"2015/2016",30,"Stoke City","55, Mark Hughes, NA, 1963-11-01, 249, Wales",22,"Leicester City","60, Claudio Ranieri, NA, 1951-10-20, 112, Italy",1,"Regular Season",29,"bet365 Stadium",5,"Andre Marriner",68,"England"
"23",3754347,"2015-12-05","16:00:00.000",0,0,"available","2020-10-15T02:13:03.665870",15,2,"England","Premier League",27,"2015/2016",39,"Manchester United","788, Louis van Gaal, NA, 1951-08-08, 160, Netherlands",40,"West Ham United","150, Slaven Bilić, NA, 1968-09-11, 56, Croatia",1,"Regular Season",2,"Old Trafford",728,"Mark Clattenburg",68,"England"
"24",3754255,"2015-12-13","17:00:00.000",2,2,"available","2020-10-14T06:04:11.885071",16,2,"England","Premier League",27,"2015/2016",24,"Liverpool","94, Jürgen Klopp, NA, 1967-06-16, 85, Germany",27,"West Bromwich Albion","300, Tony Pulis, NA, 1958-01-16, 249, Wales",1,"Regular Season",6,"Anfield ",2,"Craig Pawson",68,"England"
"25",3754278,"2015-10-03","16:00:00.000",1,1,"available","2020-08-30T15:15:48.422941",8,2,"England","Premier League",27,"2015/2016",28,"AFC Bournemouth","38, Eddie Howe, NA, 1977-11-29, 68, England",23,"Watford","236, Enrique Sánchez Flores, Quique Sánchez Flores, 1965-02-05, 214, Spain",1,"Regular Season",71,"Vitality Stadium",1,"Michael Oliver",68,"England"
"26",3753979,"2015-11-23","21:00:00.000",0,1,"available","2022-12-01T13:27:51.423924",13,2,"England","Premier League",27,"2015/2016",31,"Crystal Palace","382, Alan Pardew, NA, 1961-07-18, 68, England",41,"Sunderland","561, Sam Allardyce, NA, 1954-10-19, 68, England",1,"Regular Season",37,"Selhurst Park",4,"Martin Atkinson",68,"England"
"27",3753972,"2015-11-21","16:00:00.000",2,2,"available","2022-12-01T13:25:12.412566",13,2,"England","Premier League",27,"2015/2016",26,"Swansea City","270, Garry Monk, NA, 1979-03-06, 68, England",28,"AFC Bournemouth","38, Eddie Howe, NA, 1977-11-29, 68, England",1,"Regular Season",45,"Swansea.com Stadium",5,"Andre Marriner",68,"England"
"28",3753978,"2015-09-26","16:00:00.000",3,1,"available","2020-09-11T18:18:25.317407",7,2,"England","Premier League",27,"2015/2016",25,"Southampton","676, Ronald Koeman, NA, 1963-03-21, 160, Netherlands",26,"Swansea City","270, Garry Monk, NA, 1979-03-06, 68, England",1,"Regular Season",4591,"St. Mary''s Stadium",13,"Roger East",68,"England"
"29",3753974,"2015-12-26","18:30:00.000",0,1,"available","2022-12-01T13:43:50.357622",18,2,"England","Premier League",27,"2015/2016",37,"Newcastle United","40, Steve McClaren, NA, 1961-05-03, 68, England",29,"Everton","263, Roberto Martínez Montoliú, Roberto Martínez, 1973-07-13, 214, Spain",1,"Regular Season",4674,"St. James'' Park",10,"Lee Mason",68,"England"
"30",3753993,"2015-08-15","16:00:00.000",1,3,"available","2022-07-08T21:11:44.482443",2,2,"England","Premier League",27,"2015/2016",41,"Sunderland","453, Dick Advocaat, NA, 1947-09-27, 160, Netherlands",56,"Norwich City","41, Alex Neil, NA, 1981-06-09, 201, Scotland",1,"Regular Season",210,"Stadium of Light",12,"Kevin Friend",68,"England"
"31",3753983,"2015-10-31","16:00:00.000",0,3,"available","2022-12-01T13:16:30.336800",11,2,"England","Premier League",27,"2015/2016",26,"Swansea City","270, Garry Monk, NA, 1979-03-06, 68, England",1,"Arsenal","577, Arsène Wenger, NA, 1949-10-22, 78, France",1,"Regular Season",45,"Swansea.com Stadium",12,"Kevin Friend",68,"England"
"32",3754015,"2015-10-25","15:05:00.000",0,0,"available","2020-08-25T04:08:02.171727",10,2,"England","Premier League",27,"2015/2016",39,"Manchester United","788, Louis van Gaal, NA, 1951-08-08, 160, Netherlands",36,"Manchester City","733, Manuel Luis Pellegrini Ripamonti, Manuel Pellegrini, 1953-09-16, 45, Chile",1,"Regular Season",2,"Old Trafford",728,"Mark Clattenburg",68,"England"
"33",3754038,"2015-11-29","17:15:00.000",1,1,"available","2022-12-01T13:30:31.668780",14,2,"England","Premier League",27,"2015/2016",56,"Norwich City","41, Alex Neil, NA, 1981-06-09, 201, Scotland",1,"Arsenal","577, Arsène Wenger, NA, 1949-10-22, 78, France",1,"Regular Season",220,"Carrow Road",3,"Jonathan Moss",68,"England"
"34",3754001,"2015-09-26","18:30:00.000",2,2,"available","2022-12-01T12:56:05.367071",7,2,"England","Premier League",27,"2015/2016",37,"Newcastle United","40, Steve McClaren, NA, 1961-05-03, 68, England",33,"Chelsea","383, José Mario Felix dos Santos Mourinho, José Mourinho, 1963-01-26, 183, Portugal",1,"Regular Season",4674,"St. James'' Park",4,"Martin Atkinson",68,"England"
"35",3754007,"2015-08-29","16:00:00.000",0,1,"available","2022-07-08T22:13:15.691727",4,2,"England","Premier League",27,"2015/2016",30,"Stoke City","55, Mark Hughes, NA, 1963-11-01, 249, Wales",27,"West Bromwich Albion","300, Tony Pulis, NA, 1958-01-16, 249, Wales",1,"Regular Season",29,"bet365 Stadium",1,"Michael Oliver",68,"England"
"36",3754008,"2015-09-26","16:00:00.000",3,0,"available","2022-12-01T12:57:57.279949",7,2,"England","Premier League",27,"2015/2016",39,"Manchester United","788, Louis van Gaal, NA, 1951-08-08, 160, Netherlands",41,"Sunderland","453, Dick Advocaat, NA, 1947-09-27, 160, Netherlands",1,"Regular Season",2,"Old Trafford",14,"Mike Jones",68,"England"
"37",3754029,"2015-11-02","21:00:00.000",3,1,"available","2020-09-11T05:14:06.930506",11,2,"England","Premier League",27,"2015/2016",38,"Tottenham Hotspur","81, Mauricio Roberto Pochettino Trossero, Mauricio Pochettino, 1972-03-02, 11, Argentina",59,"Aston Villa","330, Kevin MacDonald, NA, 1960-11-22, 201, Scotland",1,"Regular Season",99148,"White Hart Lane",6,"Mike Dean",68,"England"
"38",3753995,"2015-10-03","18:30:00.000",1,3,"available","2022-12-01T13:00:37.183788",8,2,"England","Premier League",27,"2015/2016",33,"Chelsea","383, José Mario Felix dos Santos Mourinho, José Mourinho, 1963-01-26, 183, Portugal",25,"Southampton","676, Ronald Koeman, NA, 1963-03-21, 160, Netherlands",1,"Regular Season",10,"Stamford Bridge",9,"Robert Madley",68,"England"
"39",3753999,"2015-10-17","18:30:00.000",0,3,"available","2022-12-01T13:06:26.101546",9,2,"England","Premier League",27,"2015/2016",23,"Watford","236, Enrique Sánchez Flores, Quique Sánchez Flores, 1965-02-05, 214, Spain",1,"Arsenal","577, Arsène Wenger, NA, 1949-10-22, 78, France",1,"Regular Season",4589,"Vicarage Road",14,"Mike Jones",68,"England"
"40",3754017,"2015-10-24","16:00:00.000",1,2,"available","2022-12-01T13:12:42.087634",10,2,"England","Premier League",27,"2015/2016",59,"Aston Villa","5003, Tim Sherwood, NA, 1969-02-06, 68, England",26,"Swansea City","270, Garry Monk, NA, 1979-03-06, 68, England",1,"Regular Season",211,"Villa Park",7,"Neil Swarbrick",68,"England"
"41",3754006,"2015-10-31","16:00:00.000",2,3,"available","2022-12-01T13:19:00.327680",11,2,"England","Premier League",27,"2015/2016",27,"West Bromwich Albion","300, Tony Pulis, NA, 1958-01-16, 249, Wales",22,"Leicester City","60, Claudio Ranieri, NA, 1951-10-20, 112, Italy",1,"Regular Season",33,"The Hawthorns",8,"Anthony Taylor",68,"England"
"42",3754023,"2015-08-29","16:00:00.000",1,1,"available","2022-07-08T22:06:02.823294",4,2,"England","Premier League",27,"2015/2016",28,"AFC Bournemouth","38, Eddie Howe, NA, 1977-11-29, 68, England",22,"Leicester City","60, Claudio Ranieri, NA, 1951-10-20, 112, Italy",1,"Regular Season",71,"Vitality Stadium",7,"Neil Swarbrick",68,"England"
"43",3753984,"2015-08-29","16:00:00.000",0,3,"available","2020-10-17T09:21:07.414340",4,2,"England","Premier League",27,"2015/2016",24,"Liverpool","6, Brendan Rodgers, NA, 1973-01-26, 169, Northern Ireland",40,"West Ham United","150, Slaven Bilić, NA, 1968-09-11, 56, Croatia",1,"Regular Season",6,"Anfield ",12,"Kevin Friend",68,"England"
"44",3754011,"2015-09-20","17:00:00.000",2,3,"available","2020-09-11T18:18:25.317407",6,2,"England","Premier League",27,"2015/2016",25,"Southampton","676, Ronald Koeman, NA, 1963-03-21, 160, Netherlands",39,"Manchester United","788, Louis van Gaal, NA, 1951-08-08, 160, Netherlands",1,"Regular Season",4591,"St. Mary''s Stadium",728,"Mark Clattenburg",68,"England"
"45",3754010,"2015-09-19","16:00:00.000",1,2,"available","2020-09-11T18:18:25.317407",6,2,"England","Premier League",27,"2015/2016",37,"Newcastle United","40, Steve McClaren, NA, 1961-05-03, 68, England",23,"Watford","236, Enrique Sánchez Flores, Quique Sánchez Flores, 1965-02-05, 214, Spain",1,"Regular Season",4674,"St. James'' Park",13,"Roger East",68,"England"
"46",3754028,"2015-11-28","16:00:00.000",3,1,"available","2020-10-13T04:07:42.390743",14,2,"England","Premier League",27,"2015/2016",36,"Manchester City","733, Manuel Luis Pellegrini Ripamonti, Manuel Pellegrini, 1953-09-16, 45, Chile",25,"Southampton","676, Ronald Koeman, NA, 1963-03-21, 160, Netherlands",1,"Regular Season",4715,"Etihad Stadium",13,"Roger East",68,"England"
"47",3753996,"2015-11-21","16:00:00.000",1,0,"available","2020-09-25T09:08:13.824071",13,2,"England","Premier League",27,"2015/2016",33,"Chelsea","383, José Mario Felix dos Santos Mourinho, José Mourinho, 1963-01-26, 183, Portugal",56,"Norwich City","41, Alex Neil, NA, 1981-06-09, 201, Scotland",1,"Regular Season",10,"Stamford Bridge",2,"Craig Pawson",68,"England"
"48",3754025,"2015-12-19","16:00:00.000",3,1,"available","2020-10-14T04:05:46.682622",17,2,"England","Premier League",27,"2015/2016",33,"Chelsea","5019, Steve Holland, NA, 1970-04-30, 68, England",41,"Sunderland","561, Sam Allardyce, NA, 1954-10-19, 68, England",1,"Regular Season",10,"Stamford Bridge",13,"Roger East",68,"England"
"49",3754068,"2015-09-19","16:00:00.000",0,1,"available","2022-07-08T23:23:55.789947",6,2,"England","Premier League",27,"2015/2016",59,"Aston Villa","5003, Tim Sherwood, NA, 1969-02-06, 68, England",27,"West Bromwich Albion","300, Tony Pulis, NA, 1958-01-16, 249, Wales",1,"Regular Season",211,"Villa Park",4,"Martin Atkinson",68,"England"
"50",3754056,"2015-12-28","16:00:00.000",3,4,"available","2022-12-01T13:44:43.258026",19,2,"England","Premier League",27,"2015/2016",29,"Everton","263, Roberto Martínez Montoliú, Roberto Martínez, 1973-07-13, 214, Spain",30,"Stoke City","55, Mark Hughes, NA, 1963-11-01, 249, Wales",1,"Regular Season",12,"Goodison Park",728,"Mark Clattenburg",68,"England"
"51",3754040,"2015-09-20","17:00:00.000",1,1,"available","2020-11-20T03:36:43.828872",6,2,"England","Premier League",27,"2015/2016",24,"Liverpool","6, Brendan Rodgers, NA, 1973-01-26, 169, Northern Ireland",56,"Norwich City","41, Alex Neil, NA, 1981-06-09, 201, Scotland",1,"Regular Season",6,"Anfield ",8,"Anthony Taylor",68,"England"
"52",3754074,"2015-10-04","17:00:00.000",2,2,"available","2022-12-01T13:04:27.833049",8,2,"England","Premier League",27,"2015/2016",26,"Swansea City","270, Garry Monk, NA, 1979-03-06, 68, England",38,"Tottenham Hotspur","81, Mauricio Roberto Pochettino Trossero, Mauricio Pochettino, 1972-03-02, 11, Argentina",1,"Regular Season",45,"Swansea.com Stadium",6,"Mike Dean",68,"England"
"53",3754076,"2015-10-03","16:00:00.000",2,2,"available","2020-08-18T20:00:50.021035",8,2,"England","Premier League",27,"2015/2016",41,"Sunderland","453, Dick Advocaat, NA, 1947-09-27, 160, Netherlands",40,"West Ham United","150, Slaven Bilić, NA, 1968-09-11, 56, Croatia",1,"Regular Season",210,"Stadium of Light",7,"Neil Swarbrick",68,"England"
"54",3754067,"2015-10-17","16:00:00.000",1,3,"available","2020-08-24T23:30:31.273938",9,2,"England","Premier League",27,"2015/2016",31,"Crystal Palace","382, Alan Pardew, NA, 1961-07-18, 68, England",40,"West Ham United","150, Slaven Bilić, NA, 1968-09-11, 56, Croatia",1,"Regular Season",37,"Selhurst Park",728,"Mark Clattenburg",68,"England"
"55",3754079,"2015-10-03","16:00:00.000",6,1,"available","2021-07-17T13:27:52.354",8,2,"England","Premier League",27,"2015/2016",36,"Manchester City","733, Manuel Luis Pellegrini Ripamonti, Manuel Pellegrini, 1953-09-16, 45, Chile",37,"Newcastle United","40, Steve McClaren, NA, 1961-05-03, 68, England",1,"Regular Season",4715,"Etihad Stadium",12,"Kevin Friend",68,"England"
"56",3754090,"2015-10-31","16:00:00.000",0,0,"available","2022-12-01T13:18:13.292540",11,2,"England","Premier League",27,"2015/2016",37,"Newcastle United","40, Steve McClaren, NA, 1961-05-03, 68, England",30,"Stoke City","55, Mark Hughes, NA, 1963-11-01, 249, Wales",1,"Regular Season",4674,"St. James'' Park",13,"Roger East",68,"England"
"57",3754083,"2015-08-29","16:00:00.000",1,2,"available","2020-08-26T11:41:42.229292",4,2,"England","Premier League",27,"2015/2016",33,"Chelsea","383, José Mario Felix dos Santos Mourinho, José Mourinho, 1963-01-26, 183, Portugal",31,"Crystal Palace","382, Alan Pardew, NA, 1961-07-18, 68, England",1,"Regular Season",10,"Stamford Bridge",2,"Craig Pawson",68,"England"
"58",3754077,"2015-09-19","18:30:00.000",1,2,"available","2020-09-09T11:03:23.049831",6,2,"England","Premier League",27,"2015/2016",36,"Manchester City","733, Manuel Luis Pellegrini Ripamonti, Manuel Pellegrini, 1953-09-16, 45, Chile",40,"West Ham United","150, Slaven Bilić, NA, 1968-09-11, 56, Croatia",1,"Regular Season",4715,"Etihad Stadium",9,"Robert Madley",68,"England"
"59",3754060,"2015-10-04","14:30:00.000",1,1,"available","2022-12-01T13:05:24.882873",8,2,"England","Premier League",27,"2015/2016",29,"Everton","263, Roberto Martínez Montoliú, Roberto Martínez, 1973-07-13, 214, Spain",24,"Liverpool","6, Brendan Rodgers, NA, 1973-01-26, 169, Northern Ireland",1,"Regular Season",12,"Goodison Park",4,"Martin Atkinson",68,"England"
"60",3754073,"2015-12-05","18:30:00.000",0,1,"available","2020-10-16T18:46:43.528532",15,2,"England","Premier League",27,"2015/2016",33,"Chelsea","383, José Mario Felix dos Santos Mourinho, José Mourinho, 1963-01-26, 183, Portugal",28,"AFC Bournemouth","38, Eddie Howe, NA, 1977-11-29, 68, England",1,"Regular Season",10,"Stamford Bridge",14,"Mike Jones",68,"England"
"61",3754085,"2015-12-05","16:00:00.000",0,3,"available","2022-12-01T13:31:28.670223",15,2,"England","Premier League",27,"2015/2016",26,"Swansea City","270, Garry Monk, NA, 1979-03-06, 68, England",22,"Leicester City","60, Claudio Ranieri, NA, 1951-10-20, 112, Italy",1,"Regular Season",45,"Swansea.com Stadium",1,"Michael Oliver",68,"England"
"62",3754047,"2015-11-29","17:15:00.000",1,0,"available","2020-10-17T11:10:45.917926",14,2,"England","Premier League",27,"2015/2016",24,"Liverpool","94, Jürgen Klopp, NA, 1967-06-16, 85, Germany",26,"Swansea City","270, Garry Monk, NA, 1979-03-06, 68, England",1,"Regular Season",6,"Anfield ",8,"Anthony Taylor",68,"England"
"63",3754051,"2015-12-20","14:30:00.000",3,0,"available","2020-10-14T08:14:01.395502",17,2,"England","Premier League",27,"2015/2016",23,"Watford","236, Enrique Sánchez Flores, Quique Sánchez Flores, 1965-02-05, 214, Spain",24,"Liverpool","94, Jürgen Klopp, NA, 1967-06-16, 85, Germany",1,"Regular Season",4589,"Vicarage Road",728,"Mark Clattenburg",68,"England"
"64",3754093,"2015-11-29","13:00:00.000",0,0,"available","2020-10-14T18:55:22.961391",14,2,"England","Premier League",27,"2015/2016",38,"Tottenham Hotspur","81, Mauricio Roberto Pochettino Trossero, Mauricio Pochettino, 1972-03-02, 11, Argentina",33,"Chelsea","383, José Mario Felix dos Santos Mourinho, José Mourinho, 1963-01-26, 183, Portugal",1,"Regular Season",99148,"White Hart Lane",1,"Michael Oliver",68,"England"
"65",3754046,"2015-12-07","21:00:00.000",1,1,"available","2022-12-01T13:32:22.649321",15,2,"England","Premier League",27,"2015/2016",29,"Everton","263, Roberto Martínez Montoliú, Roberto Martínez, 1973-07-13, 214, Spain",31,"Crystal Palace","382, Alan Pardew, NA, 1961-07-18, 68, England",1,"Regular Season",12,"Goodison Park",2,"Craig Pawson",68,"England"
"66",3754072,"2015-12-12","16:00:00.000",0,1,"available","2020-10-27T02:32:07.331766",16,2,"England","Premier League",27,"2015/2016",41,"Sunderland","561, Sam Allardyce, NA, 1954-10-19, 68, England",23,"Watford","236, Enrique Sánchez Flores, Quique Sánchez Flores, 1965-02-05, 214, Spain",1,"Regular Season",210,"Stadium of Light",11,"Graham Scott",68,"England"
"67",3754082,"2015-11-01","14:30:00.000",6,2,"available","2020-11-29T14:07:50.969020",11,2,"England","Premier League",27,"2015/2016",29,"Everton","263, Roberto Martínez Montoliú, Roberto Martínez, 1973-07-13, 214, Spain",41,"Sunderland","561, Sam Allardyce, NA, 1954-10-19, 68, England",1,"Regular Season",12,"Goodison Park",5,"Andre Marriner",68,"England"
"68",3754106,"2015-09-13","17:00:00.000",3,2,"available","2022-07-08T23:04:22.590976",5,2,"England","Premier League",27,"2015/2016",22,"Leicester City","60, Claudio Ranieri, NA, 1951-10-20, 112, Italy",59,"Aston Villa","5003, Tim Sherwood, NA, 1969-02-06, 68, England",1,"Regular Season",20,"King Power Stadium ",6,"Mike Dean",68,"England"
"69",3754099,"2015-10-03","13:45:00.000",2,0,"available","2022-12-01T13:02:25.970303",8,2,"England","Premier League",27,"2015/2016",31,"Crystal Palace","382, Alan Pardew, NA, 1961-07-18, 68, England",27,"West Bromwich Albion","300, Tony Pulis, NA, 1958-01-16, 249, Wales",1,"Regular Season",37,"Selhurst Park",3,"Jonathan Moss",68,"England"
"70",3754098,"2015-10-31","13:45:00.000",1,3,"available","2020-09-03T18:44:23.597897",11,2,"England","Premier League",27,"2015/2016",33,"Chelsea","383, José Mario Felix dos Santos Mourinho, José Mourinho, 1963-01-26, 183, Portugal",24,"Liverpool","94, Jürgen Klopp, NA, 1967-06-16, 85, Germany",1,"Regular Season",10,"Stamford Bridge",728,"Mark Clattenburg",68,"England"
"71",3754057,"2015-12-26","16:00:00.000",3,0,"available","2022-12-01T13:40:29.171284",18,2,"England","Premier League",27,"2015/2016",38,"Tottenham Hotspur","81, Mauricio Roberto Pochettino Trossero, Mauricio Pochettino, 1972-03-02, 11, Argentina",56,"Norwich City","41, Alex Neil, NA, 1981-06-09, 201, Scotland",1,"Regular Season",99148,"White Hart Lane",14,"Mike Jones",68,"England"
"72",3754112,"2015-08-09","14:30:00.000",2,2,"available","2022-07-08T20:57:02.757833",1,2,"England","Premier League",27,"2015/2016",37,"Newcastle United","40, Steve McClaren, NA, 1961-05-03, 68, England",25,"Southampton","676, Ronald Koeman, NA, 1963-03-21, 160, Netherlands",1,"Regular Season",4674,"St. James'' Park",2,"Craig Pawson",68,"England"
"73",3754117,"2015-12-13","14:30:00.000",0,2,"available","2020-10-13T19:10:54.458149",16,2,"England","Premier League",27,"2015/2016",59,"Aston Villa","92, Rémi Garde, NA, 1966-04-03, 78, France",1,"Arsenal","577, Arsène Wenger, NA, 1949-10-22, 78, France",1,"Regular Season",211,"Villa Park",12,"Kevin Friend",68,"England"
"74",3754104,"2015-08-22","16:00:00.000",1,1,"available","2020-07-29T05:00",3,2,"England","Premier League",27,"2015/2016",56,"Norwich City","41, Alex Neil, NA, 1981-06-09, 201, Scotland",30,"Stoke City","55, Mark Hughes, NA, 1963-11-01, 249, Wales",1,"Regular Season",220,"Carrow Road",6,"Mike Dean",68,"England"
"75",3754054,"2015-12-26","16:00:00.000",4,1,"available","2021-02-15T23:27:46.131237",18,2,"England","Premier League",27,"2015/2016",36,"Manchester City","733, Manuel Luis Pellegrini Ripamonti, Manuel Pellegrini, 1953-09-16, 45, Chile",41,"Sunderland","561, Sam Allardyce, NA, 1954-10-19, 68, England",1,"Regular Season",4715,"Etihad Stadium",8,"Anthony Taylor",68,"England"
"76",3754113,"2015-12-05","16:00:00.000",1,1,"available","2020-10-14T08:14:01.395502",15,2,"England","Premier League",27,"2015/2016",25,"Southampton","676, Ronald Koeman, NA, 1963-03-21, 160, Netherlands",59,"Aston Villa","92, Rémi Garde, NA, 1966-04-03, 78, France",1,"Regular Season",4591,"St. Mary''s Stadium",8,"Anthony Taylor",68,"England"
"77",3754107,"2015-08-14","20:45:00.000",0,1,"available","2020-08-09T12:07:13.784938",2,2,"England","Premier League",27,"2015/2016",59,"Aston Villa","5003, Tim Sherwood, NA, 1969-02-06, 68, England",39,"Manchester United","788, Louis van Gaal, NA, 1951-08-08, 160, Netherlands",1,"Regular Season",211,"Villa Park",6,"Mike Dean",68,"England"
"78",3754105,"2015-09-28","21:00:00.000",2,3,"available","2020-08-11T18:14:00.795163",7,2,"England","Premier League",27,"2015/2016",27,"West Bromwich Albion","300, Tony Pulis, NA, 1958-01-16, 249, Wales",29,"Everton","263, Roberto Martínez Montoliú, Roberto Martínez, 1973-07-13, 214, Spain",1,"Regular Season",33,"The Hawthorns",9,"Robert Madley",68,"England"
"79",3754097,"2015-08-08","13:45:00.000",1,0,"available","2020-08-25T03:18:59.434476",1,2,"England","Premier League",27,"2015/2016",39,"Manchester United","788, Louis van Gaal, NA, 1951-08-08, 160, Netherlands",38,"Tottenham Hotspur","81, Mauricio Roberto Pochettino Trossero, Mauricio Pochettino, 1972-03-02, 11, Argentina",1,"Regular Season",2,"Old Trafford",3,"Jonathan Moss",68,"England"
"80",3754102,"2015-10-18","17:00:00.000",6,2,"available","2022-12-01T13:10:06.048497",9,2,"England","Premier League",27,"2015/2016",37,"Newcastle United","40, Steve McClaren, NA, 1961-05-03, 68, England",56,"Norwich City","41, Alex Neil, NA, 1981-06-09, 201, Scotland",1,"Regular Season",4674,"St. James'' Park",8,"Anthony Taylor",68,"England"
"81",3754115,"2015-10-17","16:00:00.000",2,0,"available","2020-10-28T01:53:35.502556",9,2,"England","Premier League",27,"2015/2016",33,"Chelsea","383, José Mario Felix dos Santos Mourinho, José Mourinho, 1963-01-26, 183, Portugal",59,"Aston Villa","5003, Tim Sherwood, NA, 1969-02-06, 68, England",1,"Regular Season",10,"Stamford Bridge",13,"Roger East",68,"England"
"82",3754148,"2015-09-13","14:30:00.000",0,1,"available","2020-10-01T07:40:32.450389",5,2,"England","Premier League",27,"2015/2016",41,"Sunderland","453, Dick Advocaat, NA, 1947-09-27, 160, Netherlands",38,"Tottenham Hotspur","81, Mauricio Roberto Pochettino Trossero, Mauricio Pochettino, 1972-03-02, 11, Argentina",1,"Regular Season",210,"Stadium of Light",2,"Craig Pawson",68,"England"
"83",3754169,"2015-09-19","16:00:00.000",2,0,"available","2022-07-08T23:17:44.863300",6,2,"England","Premier League",27,"2015/2016",28,"AFC Bournemouth","38, Eddie Howe, NA, 1977-11-29, 68, England",41,"Sunderland","453, Dick Advocaat, NA, 1947-09-27, 160, Netherlands",1,"Regular Season",71,"Vitality Stadium",12,"Kevin Friend",68,"England"
"84",3754174,"2015-09-26","16:00:00.000",2,5,"available","2022-12-01T12:58:54.364143",7,2,"England","Premier League",27,"2015/2016",22,"Leicester City","60, Claudio Ranieri, NA, 1951-10-20, 112, Italy",1,"Arsenal","577, Arsène Wenger, NA, 1949-10-22, 78, France",1,"Regular Season",20,"King Power Stadium ",2,"Craig Pawson",68,"England"
"85",3754185,"2015-11-21","13:45:00.000",1,2,"available","2022-12-01T13:23:21.876999",13,2,"England","Premier League",27,"2015/2016",23,"Watford","236, Enrique Sánchez Flores, Quique Sánchez Flores, 1965-02-05, 214, Spain",39,"Manchester United","788, Louis van Gaal, NA, 1951-08-08, 160, Netherlands",1,"Regular Season",4589,"Vicarage Road",9,"Robert Madley",68,"England"
"86",3754162,"2015-12-12","18:30:00.000",2,1,"available","2020-10-17T22:10:12.529229",16,2,"England","Premier League",27,"2015/2016",28,"AFC Bournemouth","38, Eddie Howe, NA, 1977-11-29, 68, England",39,"Manchester United","788, Louis van Gaal, NA, 1951-08-08, 160, Netherlands",1,"Regular Season",71,"Vitality Stadium",8,"Anthony Taylor",68,"England"
"87",3754096,"2015-12-12","16:00:00.000",0,0,"available","2022-12-01T13:35:39.069657",16,2,"England","Premier League",27,"2015/2016",40,"West Ham United","150, Slaven Bilić, NA, 1968-09-11, 56, Croatia",30,"Stoke City","55, Mark Hughes, NA, 1963-11-01, 249, Wales",1,"Regular Season",115324,"Boleyn Ground",5,"Andre Marriner",68,"England"
"88",3754171,"2015-10-04","17:00:00.000",3,0,"available","2022-12-01T13:03:29.391664",8,2,"England","Premier League",27,"2015/2016",1,"Arsenal","577, Arsène Wenger, NA, 1949-10-22, 78, France",39,"Manchester United","788, Louis van Gaal, NA, 1951-08-08, 160, Netherlands",1,"Regular Season",3,"Emirates Stadium",8,"Anthony Taylor",68,"England"
"89",3754119,"2015-10-25","13:00:00.000",3,0,"available","2020-09-01T08:57:24.068188",10,2,"England","Premier League",27,"2015/2016",41,"Sunderland","561, Sam Allardyce, NA, 1954-10-19, 68, England",37,"Newcastle United","40, Steve McClaren, NA, 1961-05-03, 68, England",1,"Regular Season",210,"Stadium of Light",9,"Robert Madley",68,"England"
"90",3754126,"2015-10-24","18:30:00.000",2,1,"available","2022-12-01T13:14:32.244938",10,2,"England","Premier League",27,"2015/2016",1,"Arsenal","577, Arsène Wenger, NA, 1949-10-22, 78, France",29,"Everton","263, Roberto Martínez Montoliú, Roberto Martínez, 1973-07-13, 214, Spain",1,"Regular Season",3,"Emirates Stadium",10,"Lee Mason",68,"England"
"91",3754133,"2015-10-24","16:00:00.000",0,1,"available","2022-12-01T13:13:33.815713",10,2,"England","Premier League",27,"2015/2016",56,"Norwich City","41, Alex Neil, NA, 1981-06-09, 201, Scotland",27,"West Bromwich Albion","300, Tony Pulis, NA, 1958-01-16, 249, Wales",1,"Regular Season",220,"Carrow Road",12,"Kevin Friend",68,"England"
"92",3754167,"2015-10-31","16:00:00.000",2,1,"available","2020-09-07T09:20:45.196705",11,2,"England","Premier League",27,"2015/2016",36,"Manchester City","733, Manuel Luis Pellegrini Ripamonti, Manuel Pellegrini, 1953-09-16, 45, Chile",56,"Norwich City","41, Alex Neil, NA, 1981-06-09, 201, Scotland",1,"Regular Season",4715,"Etihad Stadium",9,"Robert Madley",68,"England"
"93",3754145,"2015-08-10","21:00:00.000",0,3,"available","2020-09-09T11:03:23.049831",1,2,"England","Premier League",27,"2015/2016",27,"West Bromwich Albion","300, Tony Pulis, NA, 1958-01-16, 249, Wales",36,"Manchester City","733, Manuel Luis Pellegrini Ripamonti, Manuel Pellegrini, 1953-09-16, 45, Chile",1,"Regular Season",33,"The Hawthorns",6,"Mike Dean",68,"England"
"94",3754153,"2015-12-19","16:00:00.000",1,2,"available","2022-12-01T13:38:04.805362",17,2,"England","Premier League",27,"2015/2016",30,"Stoke City","55, Mark Hughes, NA, 1963-11-01, 249, Wales",31,"Crystal Palace","382, Alan Pardew, NA, 1961-07-18, 68, England",1,"Regular Season",29,"bet365 Stadium",9,"Robert Madley",68,"England"
"95",3754143,"2015-12-06","17:00:00.000",2,0,"available","2020-10-16T18:46:43.528532",15,2,"England","Premier League",27,"2015/2016",37,"Newcastle United","40, Steve McClaren, NA, 1961-05-03, 68, England",24,"Liverpool","94, Jürgen Klopp, NA, 1967-06-16, 85, Germany",1,"Regular Season",4674,"St. James'' Park",5,"Andre Marriner",68,"England"
"96",3754186,"2015-11-28","18:30:00.000",1,1,"available","2020-10-13T17:34:34.754810",14,2,"England","Premier League",27,"2015/2016",22,"Leicester City","60, Claudio Ranieri, NA, 1951-10-20, 112, Italy",39,"Manchester United","788, Louis van Gaal, NA, 1951-08-08, 160, Netherlands",1,"Regular Season",20,"King Power Stadium ",2,"Craig Pawson",68,"England"
"97",3754130,"2015-12-28","16:00:00.000",2,0,"available","2022-12-01T13:46:22.606869",19,2,"England","Premier League",27,"2015/2016",56,"Norwich City","41, Alex Neil, NA, 1981-06-09, 201, Scotland",59,"Aston Villa","92, Rémi Garde, NA, 1966-04-03, 78, France",1,"Regular Season",220,"Carrow Road",11,"Graham Scott",68,"England"
"98",3754188,"2015-12-19","16:00:00.000",0,2,"available","2020-10-13T22:03:18.128077",17,2,"England","Premier League",27,"2015/2016",25,"Southampton","676, Ronald Koeman, NA, 1963-03-21, 160, Netherlands",38,"Tottenham Hotspur","81, Mauricio Roberto Pochettino Trossero, Mauricio Pochettino, 1972-03-02, 11, Argentina",1,"Regular Season",4591,"St. Mary''s Stadium",12,"Kevin Friend",68,"England"
"99",3754178,"2015-11-28","16:00:00.000",2,3,"available","2022-12-01T13:28:41.370247",14,2,"England","Premier League",27,"2015/2016",59,"Aston Villa","92, Rémi Garde, NA, 1966-04-03, 78, France",23,"Watford","236, Enrique Sánchez Flores, Quique Sánchez Flores, 1965-02-05, 214, Spain",1,"Regular Season",211,"Villa Park",10,"Lee Mason",68,"England"
"100",3754157,"2015-11-28","16:00:00.000",3,3,"available","2020-10-13T22:03:18.128077",14,2,"England","Premier League",27,"2015/2016",28,"AFC Bournemouth","38, Eddie Howe, NA, 1977-11-29, 68, England",29,"Everton","263, Roberto Martínez Montoliú, Roberto Martínez, 1973-07-13, 214, Spain",1,"Regular Season",71,"Vitality Stadium",12,"Kevin Friend",68,"England"
"101",3754166,"2015-12-19","16:00:00.000",2,3,"available","2020-11-08T23:50:05.254655",17,2,"England","Premier League",27,"2015/2016",29,"Everton","263, Roberto Martínez Montoliú, Roberto Martínez, 1973-07-13, 214, Spain",22,"Leicester City","60, Claudio Ranieri, NA, 1951-10-20, 112, Italy",1,"Regular Season",12,"Goodison Park",3,"Jonathan Moss",68,"England"
"102",3754211,"2015-11-21","16:00:00.000",0,3,"available","2022-12-01T13:24:12.811808",13,2,"England","Premier League",27,"2015/2016",37,"Newcastle United","40, Steve McClaren, NA, 1961-05-03, 68, England",22,"Leicester City","60, Claudio Ranieri, NA, 1951-10-20, 112, Italy",1,"Regular Season",4674,"St. James'' Park",14,"Mike Jones",68,"England"
"103",3754150,"2015-11-28","16:00:00.000",2,0,"available","2022-12-01T13:29:34.530915",14,2,"England","Premier League",27,"2015/2016",41,"Sunderland","561, Sam Allardyce, NA, 1954-10-19, 68, England",30,"Stoke City","55, Mark Hughes, NA, 1963-11-01, 249, Wales",1,"Regular Season",210,"Stadium of Light",6,"Mike Dean",68,"England"
"104",3754160,"2015-12-05","16:00:00.000",3,1,"available","2020-10-13T14:16:54.852458",15,2,"England","Premier League",27,"2015/2016",1,"Arsenal","577, Arsène Wenger, NA, 1949-10-22, 78, France",41,"Sunderland","561, Sam Allardyce, NA, 1954-10-19, 68, England",1,"Regular Season",3,"Emirates Stadium",9,"Robert Madley",68,"England"
"105",3754218,"2015-12-12","16:00:00.000",1,0,"available","2022-12-01T13:34:53.717751",16,2,"England","Premier League",27,"2015/2016",31,"Crystal Palace","382, Alan Pardew, NA, 1961-07-18, 68, England",25,"Southampton","676, Ronald Koeman, NA, 1963-03-21, 160, Netherlands",1,"Regular Season",37,"Selhurst Park",6,"Mike Dean",68,"England"
"106",3754217,"2015-09-19","13:45:00.000",2,0,"available","2022-12-01T12:54:07.025078",6,2,"England","Premier League",27,"2015/2016",33,"Chelsea","383, José Mario Felix dos Santos Mourinho, José Mourinho, 1963-01-26, 183, Portugal",1,"Arsenal","577, Arsène Wenger, NA, 1949-10-22, 78, France",1,"Regular Season",10,"Stamford Bridge",6,"Mike Dean",68,"England"
"107",3754205,"2015-08-29","13:45:00.000",0,1,"available","2022-07-08T22:20:35.172474",4,2,"England","Premier League",27,"2015/2016",37,"Newcastle United","40, Steve McClaren, NA, 1961-05-03, 68, England",1,"Arsenal","577, Arsène Wenger, NA, 1949-10-22, 78, France",1,"Regular Season",4674,"St. James'' Park",5,"Andre Marriner",68,"England"
"108",3754221,"2015-08-30","17:00:00.000",2,1,"available","2020-09-09T12:35:13.376459",4,2,"England","Premier League",27,"2015/2016",26,"Swansea City","270, Garry Monk, NA, 1979-03-06, 68, England",39,"Manchester United","788, Louis van Gaal, NA, 1951-08-08, 160, Netherlands",1,"Regular Season",45,"Swansea.com Stadium",4,"Martin Atkinson",68,"England"
"109",3754198,"2015-10-17","13:45:00.000",0,0,"available","2020-08-13T15:17:06.709255",9,2,"England","Premier League",27,"2015/2016",38,"Tottenham Hotspur","81, Mauricio Roberto Pochettino Trossero, Mauricio Pochettino, 1972-03-02, 11, Argentina",24,"Liverpool","94, Jürgen Klopp, NA, 1967-06-16, 85, Germany",1,"Regular Season",99148,"White Hart Lane",2,"Craig Pawson",68,"England"
"110",3754193,"2015-10-17","16:00:00.000",5,1,"available","2022-12-01T13:08:26.404246",9,2,"England","Premier League",27,"2015/2016",36,"Manchester City","733, Manuel Luis Pellegrini Ripamonti, Manuel Pellegrini, 1953-09-16, 45, Chile",28,"AFC Bournemouth","38, Eddie Howe, NA, 1977-11-29, 68, England",1,"Regular Season",4715,"Etihad Stadium",6,"Mike Dean",68,"England"
"111",3754222,"2015-09-20","14:30:00.000",1,0,"available","2020-09-11T18:18:25.317407",6,2,"England","Premier League",27,"2015/2016",38,"Tottenham Hotspur","81, Mauricio Roberto Pochettino Trossero, Mauricio Pochettino, 1972-03-02, 11, Argentina",31,"Crystal Palace","382, Alan Pardew, NA, 1961-07-18, 68, England",1,"Regular Season",99148,"White Hart Lane",1,"Michael Oliver",68,"England"
"112",3754213,"2015-09-12","16:00:00.000",1,0,"available","2020-11-29T14:07:50.969020",5,2,"England","Premier League",27,"2015/2016",23,"Watford","236, Enrique Sánchez Flores, Quique Sánchez Flores, 1965-02-05, 214, Spain",26,"Swansea City","270, Garry Monk, NA, 1979-03-06, 68, England",1,"Regular Season",4589,"Vicarage Road",9,"Robert Madley",68,"England"
"113",3754212,"2015-09-26","16:00:00.000",3,2,"available","2022-12-01T12:55:05.393529",7,2,"England","Premier League",27,"2015/2016",24,"Liverpool","6, Brendan Rodgers, NA, 1973-01-26, 169, Northern Ireland",59,"Aston Villa","5003, Tim Sherwood, NA, 1969-02-06, 68, England",1,"Regular Season",6,"Anfield ",3,"Jonathan Moss",68,"England"
"114",3754223,"2015-10-31","16:00:00.000",0,0,"available","2022-12-01T13:17:21.322151",11,2,"England","Premier League",27,"2015/2016",31,"Crystal Palace","382, Alan Pardew, NA, 1961-07-18, 68, England",39,"Manchester United","788, Louis van Gaal, NA, 1951-08-08, 160, Netherlands",1,"Regular Season",37,"Selhurst Park",14,"Mike Jones",68,"England"
"115",3754197,"2015-09-26","13:45:00.000",4,1,"available","2022-12-01T12:57:02.570846",7,2,"England","Premier League",27,"2015/2016",38,"Tottenham Hotspur","81, Mauricio Roberto Pochettino Trossero, Mauricio Pochettino, 1972-03-02, 11, Argentina",36,"Manchester City","733, Manuel Luis Pellegrini Ripamonti, Manuel Pellegrini, 1953-09-16, 45, Chile",1,"Regular Season",99148,"White Hart Lane",728,"Mark Clattenburg",68,"England"
"116",3754208,"2015-11-21","18:30:00.000",1,4,"available","2020-09-26T23:55:49.315699",13,2,"England","Premier League",27,"2015/2016",36,"Manchester City","733, Manuel Luis Pellegrini Ripamonti, Manuel Pellegrini, 1953-09-16, 45, Chile",24,"Liverpool","94, Jürgen Klopp, NA, 1967-06-16, 85, Germany",1,"Regular Season",4715,"Etihad Stadium",3,"Jonathan Moss",68,"England"
"117",3754204,"2015-08-29","16:00:00.000",2,2,"available","2020-10-01T07:40:32.450389",4,2,"England","Premier League",27,"2015/2016",59,"Aston Villa","5003, Tim Sherwood, NA, 1969-02-06, 68, England",41,"Sunderland","453, Dick Advocaat, NA, 1947-09-27, 160, Netherlands",1,"Regular Season",211,"Villa Park",9,"Robert Madley",68,"England"
"118",3754194,"2015-11-07","16:00:00.000",1,1,"available","2020-10-23T22:11:13.807088",12,2,"England","Premier League",27,"2015/2016",40,"West Ham United","150, Slaven Bilić, NA, 1968-09-11, 56, Croatia",29,"Everton","263, Roberto Martínez Montoliú, Roberto Martínez, 1973-07-13, 214, Spain",1,"Regular Season",115324,"Boleyn Ground",17,"Paul Tierney",68,"England"
"119",3754219,"2015-12-19","16:00:00.000",1,2,"available","2022-12-01T13:37:17.113631",17,2,"England","Premier League",27,"2015/2016",27,"West Bromwich Albion","300, Tony Pulis, NA, 1958-01-16, 249, Wales",28,"AFC Bournemouth","38, Eddie Howe, NA, 1977-11-29, 68, England",1,"Regular Season",33,"The Hawthorns",6,"Mike Dean",68,"England"
"120",3754254,"2015-08-22","13:45:00.000",0,0,"available","2022-07-08T21:40:26.368774",3,2,"England","Premier League",27,"2015/2016",39,"Manchester United","788, Louis van Gaal, NA, 1951-08-08, 160, Netherlands",37,"Newcastle United","40, Steve McClaren, NA, 1961-05-03, 68, England",1,"Regular Season",2,"Old Trafford",2,"Craig Pawson",68,"England"
"121",3754230,"2015-10-25","17:15:00.000",1,1,"available","2022-12-01T13:15:32.646389",10,2,"England","Premier League",27,"2015/2016",24,"Liverpool","94, Jürgen Klopp, NA, 1967-06-16, 85, Germany",25,"Southampton","676, Ronald Koeman, NA, 1963-03-21, 160, Netherlands",1,"Regular Season",6,"Anfield ",5,"Andre Marriner",68,"England"
"122",3754285,"2015-12-26","16:00:00.000",1,1,"available","2022-12-01T13:42:12.397086",18,2,"England","Premier League",27,"2015/2016",59,"Aston Villa","92, Rémi Garde, NA, 1966-04-03, 78, France",40,"West Ham United","150, Slaven Bilić, NA, 1968-09-11, 56, Croatia",1,"Regular Season",211,"Villa Park",6,"Mike Dean",68,"England"
"123",3754233,"2015-08-23","17:00:00.000",0,2,"available","2022-07-08T21:54:00.236975",3,2,"England","Premier League",27,"2015/2016",29,"Everton","263, Roberto Martínez Montoliú, Roberto Martínez, 1973-07-13, 214, Spain",36,"Manchester City","733, Manuel Luis Pellegrini Ripamonti, Manuel Pellegrini, 1953-09-16, 45, Chile",1,"Regular Season",12,"Goodison Park",8,"Anthony Taylor",68,"England"
"124",3754270,"2015-08-15","16:00:00.000",2,2,"available","2022-07-08T21:04:37.806798",2,2,"England","Premier League",27,"2015/2016",38,"Tottenham Hotspur","81, Mauricio Roberto Pochettino Trossero, Mauricio Pochettino, 1972-03-02, 11, Argentina",30,"Stoke City","55, Mark Hughes, NA, 1963-11-01, 249, Wales",1,"Regular Season",99148,"White Hart Lane",9,"Robert Madley",68,"England"
"125",3754237,"2015-08-08","16:00:00.000",4,2,"available","2022-07-08T20:43:17.249927",1,2,"England","Premier League",27,"2015/2016",22,"Leicester City","60, Claudio Ranieri, NA, 1951-10-20, 112, Italy",41,"Sunderland","453, Dick Advocaat, NA, 1947-09-27, 160, Netherlands",1,"Regular Season",20,"King Power Stadium ",10,"Lee Mason",68,"England"
"126",3754257,"2015-09-12","16:00:00.000",0,1,"available","2022-07-08T22:35:00.516676",5,2,"England","Premier League",27,"2015/2016",31,"Crystal Palace","382, Alan Pardew, NA, 1961-07-18, 68, England",36,"Manchester City","733, Manuel Luis Pellegrini Ripamonti, Manuel Pellegrini, 1953-09-16, 45, Chile",1,"Regular Season",37,"Selhurst Park",14,"Mike Jones",68,"England"
"127",3754266,"2015-09-27","17:00:00.000",0,1,"available","2020-08-10T22:04:56.027298",7,2,"England","Premier League",27,"2015/2016",23,"Watford","236, Enrique Sánchez Flores, Quique Sánchez Flores, 1965-02-05, 214, Spain",31,"Crystal Palace","382, Alan Pardew, NA, 1961-07-18, 68, England",1,"Regular Season",4589,"Vicarage Road",8,"Anthony Taylor",68,"England"
"128",3754256,"2015-10-17","16:00:00.000",0,3,"available","2022-12-01T13:07:26.074985",9,2,"England","Premier League",27,"2015/2016",29,"Everton","263, Roberto Martínez Montoliú, Roberto Martínez, 1973-07-13, 214, Spain",39,"Manchester United","788, Louis van Gaal, NA, 1951-08-08, 160, Netherlands",1,"Regular Season",12,"Goodison Park",3,"Jonathan Moss",68,"England"
"129",3754288,"2015-10-24","16:00:00.000",2,1,"available","2022-12-01T13:11:00.286464",10,2,"England","Premier League",27,"2015/2016",40,"West Ham United","150, Slaven Bilić, NA, 1968-09-11, 56, Croatia",33,"Chelsea","383, José Mario Felix dos Santos Mourinho, José Mourinho, 1963-01-26, 183, Portugal",1,"Regular Season",115324,"Boleyn Ground",3,"Jonathan Moss",68,"England"
"130",3754238,"2015-11-07","13:45:00.000",0,1,"available","2020-09-18T13:16:12.825671",12,2,"England","Premier League",27,"2015/2016",28,"AFC Bournemouth","38, Eddie Howe, NA, 1977-11-29, 68, England",37,"Newcastle United","40, Steve McClaren, NA, 1961-05-03, 68, England",1,"Regular Season",71,"Vitality Stadium",10,"Lee Mason",68,"England"
"131",3754269,"2015-10-19","21:00:00.000",0,1,"available","2020-09-29T22:20:51.346007",9,2,"England","Premier League",27,"2015/2016",26,"Swansea City","270, Garry Monk, NA, 1979-03-06, 68, England",30,"Stoke City","55, Mark Hughes, NA, 1963-11-01, 249, Wales",1,"Regular Season",45,"Swansea.com Stadium",9,"Robert Madley",68,"England"
"132",3754234,"2015-10-25","15:05:00.000",1,5,"available","2020-10-11T16:17:39.015539",10,2,"England","Premier League",27,"2015/2016",28,"AFC Bournemouth","38, Eddie Howe, NA, 1977-11-29, 68, England",38,"Tottenham Hotspur","81, Mauricio Roberto Pochettino Trossero, Mauricio Pochettino, 1972-03-02, 11, Argentina",1,"Regular Season",71,"Vitality Stadium",13,"Roger East",68,"England"
"133",3754246,"2015-08-29","16:00:00.000",2,0,"available","2020-11-29T14:07:50.969020",4,2,"England","Premier League",27,"2015/2016",36,"Manchester City","733, Manuel Luis Pellegrini Ripamonti, Manuel Pellegrini, 1953-09-16, 45, Chile",23,"Watford","236, Enrique Sánchez Flores, Quique Sánchez Flores, 1965-02-05, 214, Spain",1,"Regular Season",4715,"Etihad Stadium",728,"Mark Clattenburg",68,"England"
"134",3754296,"2015-12-21","21:00:00.000",2,1,"available","2021-07-17T13:35:33.149",17,2,"England","Premier League",27,"2015/2016",1,"Arsenal","577, Arsène Wenger, NA, 1949-10-22, 78, France",36,"Manchester City","733, Manuel Luis Pellegrini Ripamonti, Manuel Pellegrini, 1953-09-16, 45, Chile",1,"Regular Season",3,"Emirates Stadium",5,"Andre Marriner",68,"England"
"135",3754273,"2015-10-31","16:00:00.000",2,0,"available","2020-09-20T02:24:11.414760",11,2,"England","Premier League",27,"2015/2016",23,"Watford","236, Enrique Sánchez Flores, Quique Sánchez Flores, 1965-02-05, 214, Spain",40,"West Ham United","150, Slaven Bilić, NA, 1968-09-11, 56, Croatia",1,"Regular Season",4589,"Vicarage Road",50,"Keith Stroud",68,"England"
"136",3754263,"2015-10-24","16:00:00.000",1,0,"available","2022-12-01T13:11:49.163406",10,2,"England","Premier League",27,"2015/2016",22,"Leicester City","60, Claudio Ranieri, NA, 1951-10-20, 112, Italy",31,"Crystal Palace","382, Alan Pardew, NA, 1961-07-18, 68, England",1,"Regular Season",20,"King Power Stadium ",6,"Mike Dean",68,"England"
"137",3754268,"2015-08-29","18:30:00.000",0,0,"available","2020-09-11T18:18:25.317407",4,2,"England","Premier League",27,"2015/2016",38,"Tottenham Hotspur","81, Mauricio Roberto Pochettino Trossero, Mauricio Pochettino, 1972-03-02, 11, Argentina",29,"Everton","263, Roberto Martínez Montoliú, Roberto Martínez, 1973-07-13, 214, Spain",1,"Regular Season",99148,"White Hart Lane",14,"Mike Jones",68,"England"
"138",3754286,"2015-12-05","16:00:00.000",2,0,"available","2020-10-13T14:16:54.852458",15,2,"England","Premier League",27,"2015/2016",23,"Watford","236, Enrique Sánchez Flores, Quique Sánchez Flores, 1965-02-05, 214, Spain",56,"Norwich City","41, Alex Neil, NA, 1981-06-09, 201, Scotland",1,"Regular Season",4589,"Vicarage Road",6,"Mike Dean",68,"England"
"139",3754291,"2015-12-28","16:00:00.000",1,2,"available","2020-11-03T09:05:58.027121",19,2,"England","Premier League",27,"2015/2016",23,"Watford","236, Enrique Sánchez Flores, Quique Sánchez Flores, 1965-02-05, 214, Spain",38,"Tottenham Hotspur","81, Mauricio Roberto Pochettino Trossero, Mauricio Pochettino, 1972-03-02, 11, Argentina",1,"Regular Season",4589,"Vicarage Road",8,"Anthony Taylor",68,"England"
"140",3754283,"2015-11-21","16:00:00.000",4,0,"available","2020-11-03T08:06:52.744806",13,2,"England","Premier League",27,"2015/2016",29,"Everton","263, Roberto Martínez Montoliú, Roberto Martínez, 1973-07-13, 214, Spain",59,"Aston Villa","92, Rémi Garde, NA, 1966-04-03, 78, France",1,"Regular Season",12,"Goodison Park",1,"Michael Oliver",68,"England"
"141",3754235,"2015-11-29","15:05:00.000",1,1,"available","2020-10-14T06:04:11.885071",14,2,"England","Premier League",27,"2015/2016",40,"West Ham United","150, Slaven Bilić, NA, 1968-09-11, 56, Croatia",27,"West Bromwich Albion","300, Tony Pulis, NA, 1958-01-16, 249, Wales",1,"Regular Season",115324,"Boleyn Ground",4,"Martin Atkinson",68,"England"
"142",3754279,"2015-12-26","16:00:00.000",1,0,"available","2020-10-15T19:24:22.649656",18,2,"England","Premier League",27,"2015/2016",26,"Swansea City","4711, Alan Curtis, NA, 1954-04-16, 249, Wales",27,"West Bromwich Albion","300, Tony Pulis, NA, 1958-01-16, 249, Wales",1,"Regular Season",45,"Swansea.com Stadium",13,"Roger East",68,"England"
"143",3754276,"2015-12-13","17:00:00.000",1,2,"available","2022-12-01T13:36:29.024",16,2,"England","Premier League",27,"2015/2016",38,"Tottenham Hotspur","81, Mauricio Roberto Pochettino Trossero, Mauricio Pochettino, 1972-03-02, 11, Argentina",37,"Newcastle United","40, Steve McClaren, NA, 1961-05-03, 68, England",1,"Regular Season",99148,"White Hart Lane",13,"Roger East",68,"England"
"144",3754287,"2015-12-26","16:00:00.000",2,2,"available","2022-12-01T13:41:22.730115",18,2,"England","Premier League",27,"2015/2016",33,"Chelsea","3608, Guus Hiddink, NA, 1946-11-08, 160, Netherlands",23,"Watford","236, Enrique Sánchez Flores, Quique Sánchez Flores, 1965-02-05, 214, Spain",1,"Regular Season",10,"Stamford Bridge",5,"Andre Marriner",68,"England"
"145",3754259,"2015-12-20","17:00:00.000",0,0,"available","2022-12-01T13:38:55.900315",17,2,"England","Premier League",27,"2015/2016",26,"Swansea City","4711, Alan Curtis, NA, 1954-04-16, 249, Wales",40,"West Ham United","150, Slaven Bilić, NA, 1968-09-11, 56, Croatia",1,"Regular Season",45,"Swansea.com Stadium",10,"Lee Mason",68,"England"
"146",3754335,"2015-10-03","16:00:00.000",1,2,"available","2022-12-01T12:59:42.486076",8,2,"England","Premier League",27,"2015/2016",56,"Norwich City","41, Alex Neil, NA, 1981-06-09, 201, Scotland",22,"Leicester City","60, Claudio Ranieri, NA, 1951-10-20, 112, Italy",1,"Regular Season",220,"Carrow Road",728,"Mark Clattenburg",68,"England"
"147",3754298,"2015-09-19","16:00:00.000",0,0,"available","2020-09-09T11:03:23.049831",6,2,"England","Premier League",27,"2015/2016",26,"Swansea City","270, Garry Monk, NA, 1979-03-06, 68, England",29,"Everton","263, Roberto Martínez Montoliú, Roberto Martínez, 1973-07-13, 214, Spain",1,"Regular Season",45,"Swansea.com Stadium",16,"Stuart Attwell",68,"England"
"148",3754315,"2015-09-12","16:00:00.000",3,1,"available","2022-07-08T22:41:23.251003",5,2,"England","Premier League",27,"2015/2016",56,"Norwich City","41, Alex Neil, NA, 1981-06-09, 201, Scotland",28,"AFC Bournemouth","38, Eddie Howe, NA, 1977-11-29, 68, England",1,"Regular Season",220,"Carrow Road",4,"Martin Atkinson",68,"England"
"149",3754330,"2015-10-03","16:00:00.000",0,1,"available","2022-12-01T13:01:32.365486",8,2,"England","Premier League",27,"2015/2016",59,"Aston Villa","5003, Tim Sherwood, NA, 1969-02-06, 68, England",30,"Stoke City","55, Mark Hughes, NA, 1963-11-01, 249, Wales",1,"Regular Season",211,"Villa Park",14,"Mike Jones",68,"England"
"150",3754337,"2015-08-30","14:30:00.000",3,0,"available","2022-07-08T22:27:40.959830",4,2,"England","Premier League",27,"2015/2016",25,"Southampton","676, Ronald Koeman, NA, 1963-03-21, 160, Netherlands",56,"Norwich City","41, Alex Neil, NA, 1981-06-09, 201, Scotland",1,"Regular Season",4591,"St. Mary''s Stadium",3,"Jonathan Moss",68,"England"
"151",3754297,"2015-11-07","16:00:00.000",2,0,"available","2020-09-18T13:16:12.825671",12,2,"England","Premier League",27,"2015/2016",39,"Manchester United","788, Louis van Gaal, NA, 1951-08-08, 160, Netherlands",27,"West Bromwich Albion","300, Tony Pulis, NA, 1958-01-16, 249, Wales",1,"Regular Season",2,"Old Trafford",6,"Mike Dean",68,"England"
"152",3754301,"2015-11-21","16:00:00.000",2,1,"available","2020-09-26T08:14:24.985389",13,2,"England","Premier League",27,"2015/2016",27,"West Bromwich Albion","300, Tony Pulis, NA, 1958-01-16, 249, Wales",1,"Arsenal","577, Arsène Wenger, NA, 1949-10-22, 78, France",1,"Regular Season",33,"The Hawthorns",728,"Mark Clattenburg",68,"England"
"153",3754323,"2015-09-26","16:00:00.000",2,2,"available","2020-08-11T20:15:07.909939",7,2,"England","Premier League",27,"2015/2016",40,"West Ham United","150, Slaven Bilić, NA, 1968-09-11, 56, Croatia",56,"Norwich City","41, Alex Neil, NA, 1981-06-09, 201, Scotland",1,"Regular Season",115324,"Boleyn Ground",6,"Mike Dean",68,"England"
"154",3754304,"2015-11-28","16:00:00.000",5,1,"available","2020-10-13T09:05:20.626305",14,2,"England","Premier League",27,"2015/2016",31,"Crystal Palace","382, Alan Pardew, NA, 1961-07-18, 68, England",37,"Newcastle United","40, Steve McClaren, NA, 1961-05-03, 68, England",1,"Regular Season",37,"Selhurst Park",16,"Stuart Attwell",68,"England"
"155",3754311,"2015-11-07","16:00:00.000",1,0,"available","2020-09-22T13:40:59.994112",12,2,"England","Premier League",27,"2015/2016",56,"Norwich City","41, Alex Neil, NA, 1981-06-09, 201, Scotland",26,"Swansea City","270, Garry Monk, NA, 1979-03-06, 68, England",1,"Regular Season",220,"Carrow Road",728,"Mark Clattenburg",68,"England"
"156",3754328,"2015-12-12","16:00:00.000",2,1,"available","2022-12-01T13:33:16.801896",16,2,"England","Premier League",27,"2015/2016",36,"Manchester City","733, Manuel Luis Pellegrini Ripamonti, Manuel Pellegrini, 1953-09-16, 45, Chile",26,"Swansea City","4711, Alan Curtis, NA, 1954-04-16, 249, Wales",1,"Regular Season",4715,"Etihad Stadium",9,"Robert Madley",68,"England"
"157",3754309,"2015-12-26","20:45:00.000",4,0,"available","2020-12-09T20:47:26.732958",18,2,"England","Premier League",27,"2015/2016",25,"Southampton","676, Ronald Koeman, NA, 1963-03-21, 160, Netherlands",1,"Arsenal","577, Arsène Wenger, NA, 1949-10-22, 78, France",1,"Regular Season",4591,"St. Mary''s Stadium",3,"Jonathan Moss",68,"England"
"158",3754325,"2015-09-12","16:00:00.000",0,0,"available","2020-09-09T12:35:13.376459",5,2,"England","Premier League",27,"2015/2016",27,"West Bromwich Albion","300, Tony Pulis, NA, 1958-01-16, 249, Wales",25,"Southampton","676, Ronald Koeman, NA, 1963-03-21, 160, Netherlands",1,"Regular Season",33,"The Hawthorns",16,"Stuart Attwell",68,"England"
"159",3754329,"2015-09-14","21:00:00.000",2,0,"available","2020-09-09T12:35:13.376459",5,2,"England","Premier League",27,"2015/2016",40,"West Ham United","150, Slaven Bilić, NA, 1968-09-11, 56, Croatia",37,"Newcastle United","40, Steve McClaren, NA, 1961-05-03, 68, England",1,"Regular Season",115324,"Boleyn Ground",8,"Anthony Taylor",68,"England"
"160",3754302,"2015-10-17","16:00:00.000",2,2,"available","2020-11-29T14:07:50.969020",9,2,"England","Premier League",27,"2015/2016",25,"Southampton","676, Ronald Koeman, NA, 1963-03-21, 160, Netherlands",22,"Leicester City","60, Claudio Ranieri, NA, 1951-10-20, 112, Italy",1,"Regular Season",4591,"St. Mary''s Stadium",17,"Paul Tierney",68,"England"
"161",3754013,"2015-12-14","21:00:00.000",2,1,"available","2020-10-14T00:06:51.149330",16,2,"England","Premier League",27,"2015/2016",22,"Leicester City","60, Claudio Ranieri, NA, 1951-10-20, 112, Italy",33,"Chelsea","383, José Mario Felix dos Santos Mourinho, José Mourinho, 1963-01-26, 183, Portugal",1,"Regular Season",20,"King Power Stadium ",728,"Mark Clattenburg",68,"England"
"162",3754044,"2015-12-19","16:00:00.000",1,2,"available","2020-10-14T00:06:51.149330",17,2,"England","Premier League",27,"2015/2016",39,"Manchester United","788, Louis van Gaal, NA, 1951-08-08, 160, Netherlands",56,"Norwich City","41, Alex Neil, NA, 1981-06-09, 201, Scotland",1,"Regular Season",2,"Old Trafford",1,"Michael Oliver",68,"England"
"163",3754351,"2015-11-08","17:00:00.000",1,2,"available","2022-12-01T13:22:27.433540",12,2,"England","Premier League",27,"2015/2016",24,"Liverpool","94, Jürgen Klopp, NA, 1967-06-16, 85, Germany",31,"Crystal Palace","382, Alan Pardew, NA, 1961-07-18, 68, England",1,"Regular Season",6,"Anfield ",7,"Neil Swarbrick",68,"England"
"164",3754343,"2015-12-26","16:00:00.000",1,0,"available","2020-10-15T02:13:03.665870",18,2,"England","Premier League",27,"2015/2016",24,"Liverpool","94, Jürgen Klopp, NA, 1967-06-16, 85, Germany",22,"Leicester City","60, Claudio Ranieri, NA, 1951-10-20, 112, Italy",1,"Regular Season",6,"Anfield ",4,"Martin Atkinson",68,"England"
"165",3754109,"2015-11-22","17:00:00.000",4,1,"available","2022-12-01T13:26:59.952260",13,2,"England","Premier League",27,"2015/2016",38,"Tottenham Hotspur","81, Mauricio Roberto Pochettino Trossero, Mauricio Pochettino, 1972-03-02, 11, Argentina",40,"West Ham United","150, Slaven Bilić, NA, 1968-09-11, 56, Croatia",1,"Regular Season",99148,"White Hart Lane",8,"Anthony Taylor",68,"England"
"166",3754182,"2015-12-12","13:45:00.000",1,1,"available","2022-12-01T13:34:06.852736",16,2,"England","Premier League",27,"2015/2016",56,"Norwich City","41, Alex Neil, NA, 1981-06-09, 201, Scotland",29,"Everton","263, Roberto Martínez Montoliú, Roberto Martínez, 1973-07-13, 214, Spain",1,"Regular Season",220,"Carrow Road",4,"Martin Atkinson",68,"England"
"167",3754240,"2015-09-12","16:00:00.000",2,0,"available","2022-07-08T22:57:01.835889",5,2,"England","Premier League",27,"2015/2016",1,"Arsenal","577, Arsène Wenger, NA, 1949-10-22, 78, France",30,"Stoke City","55, Mark Hughes, NA, 1963-11-01, 249, Wales",1,"Regular Season",3,"Emirates Stadium",3,"Jonathan Moss",68,"England"
"168",3754336,"2015-09-12","13:45:00.000",3,1,"available","2022-07-08T22:48:42.385840",5,2,"England","Premier League",27,"2015/2016",29,"Everton","263, Roberto Martínez Montoliú, Roberto Martínez, 1973-07-13, 214, Spain",33,"Chelsea","383, José Mario Felix dos Santos Mourinho, José Mourinho, 1963-01-26, 183, Portugal",1,"Regular Season",12,"Goodison Park",5,"Andre Marriner",68,"England"
"169",3754247,"2015-11-21","16:00:00.000",0,1,"available","2022-12-01T13:26:07.236764",13,2,"England","Premier League",27,"2015/2016",25,"Southampton","676, Ronald Koeman, NA, 1963-03-21, 160, Netherlands",30,"Stoke City","55, Mark Hughes, NA, 1963-11-01, 249, Wales",1,"Regular Season",4591,"St. Mary''s Stadium",10,"Lee Mason",68,"England"
"170",3754156,"2015-11-07","16:00:00.000",2,1,"available","2022-12-01T13:19:54.288015",12,2,"England","Premier League",27,"2015/2016",22,"Leicester City","60, Claudio Ranieri, NA, 1951-10-20, 112, Italy",23,"Watford","236, Enrique Sánchez Flores, Quique Sánchez Flores, 1965-02-05, 214, Spain",1,"Regular Season",20,"King Power Stadium ",13,"Roger East",68,"England"
"171",3754265,"2015-11-08","17:00:00.000",1,1,"available","2020-12-13T13:43:21.659558",12,2,"England","Premier League",27,"2015/2016",1,"Arsenal","577, Arsène Wenger, NA, 1949-10-22, 78, France",38,"Tottenham Hotspur","81, Mauricio Roberto Pochettino Trossero, Mauricio Pochettino, 1972-03-02, 11, Argentina",1,"Regular Season",3,"Emirates Stadium",4,"Martin Atkinson",68,"England"
"172",3754000,"2015-11-07","16:00:00.000",0,1,"available","2020-09-23T09:20:01.640438",12,2,"England","Premier League",27,"2015/2016",41,"Sunderland","561, Sam Allardyce, NA, 1954-10-19, 68, England",25,"Southampton","676, Ronald Koeman, NA, 1963-03-21, 160, Netherlands",1,"Regular Season",210,"Stadium of Light",14,"Mike Jones",68,"England"
"173",3754003,"2015-09-12","18:30:00.000",3,1,"available","2020-11-18T19:11:14.486895",5,2,"England","Premier League",27,"2015/2016",39,"Manchester United","788, Louis van Gaal, NA, 1951-08-08, 160, Netherlands",24,"Liverpool","6, Brendan Rodgers, NA, 1973-01-26, 169, Northern Ireland",1,"Regular Season",2,"Old Trafford",1,"Michael Oliver",68,"England"
"174",3754344,"2015-08-15","16:00:00.000",2,0,"available","2020-07-29T05:00",2,2,"England","Premier League",27,"2015/2016",26,"Swansea City","270, Garry Monk, NA, 1979-03-06, 68, England",37,"Newcastle United","40, Steve McClaren, NA, 1961-05-03, 68, England",1,"Regular Season",45,"Swansea.com Stadium",14,"Mike Jones",68,"England"
"175",3754131,"2015-08-22","16:00:00.000",3,4,"available","2022-07-08T21:47:04.550288",3,2,"England","Premier League",27,"2015/2016",40,"West Ham United","150, Slaven Bilić, NA, 1968-09-11, 56, Croatia",28,"AFC Bournemouth","38, Eddie Howe, NA, 1977-11-29, 68, England",1,"Regular Season",115324,"Boleyn Ground",3,"Jonathan Moss",68,"England"
"176",3754300,"2015-08-08","16:00:00.000",2,2,"available","2022-07-08T20:36:27.023798",1,2,"England","Premier League",27,"2015/2016",29,"Everton","263, Roberto Martínez Montoliú, Roberto Martínez, 1973-07-13, 214, Spain",23,"Watford","236, Enrique Sánchez Flores, Quique Sánchez Flores, 1965-02-05, 214, Spain",1,"Regular Season",12,"Goodison Park",14,"Mike Jones",68,"England"
"177",3754312,"2015-08-16","14:30:00.000",1,2,"available","2022-07-08T21:19:24.217693",2,2,"England","Premier League",27,"2015/2016",31,"Crystal Palace","382, Alan Pardew, NA, 1961-07-18, 68, England",1,"Arsenal","577, Arsène Wenger, NA, 1949-10-22, 78, France",1,"Regular Season",37,"Selhurst Park",10,"Lee Mason",68,"England"
"178",3754138,"2015-08-08","16:00:00.000",1,3,"available","2020-07-29T05:00",1,2,"England","Premier League",27,"2015/2016",56,"Norwich City","41, Alex Neil, NA, 1981-06-09, 201, Scotland",31,"Crystal Palace","382, Alan Pardew, NA, 1961-07-18, 68, England",1,"Regular Season",220,"Carrow Road",74,"Simon Hooper",68,"England"
"179",3754203,"2015-08-15","16:00:00.000",1,2,"available","2020-07-29T05:00",2,2,"England","Premier League",27,"2015/2016",40,"West Ham United","150, Slaven Bilić, NA, 1968-09-11, 56, Croatia",22,"Leicester City","60, Claudio Ranieri, NA, 1951-10-20, 112, Italy",1,"Regular Season",115324,"Boleyn Ground",8,"Anthony Taylor",68,"England"
"180",3754190,"2015-08-22","16:00:00.000",2,1,"available","2022-07-08T21:33:09.238697",3,2,"England","Premier League",27,"2015/2016",31,"Crystal Palace","382, Alan Pardew, NA, 1961-07-18, 68, England",59,"Aston Villa","5003, Tim Sherwood, NA, 1969-02-06, 68, England",1,"Regular Season",37,"Selhurst Park",50,"Keith Stroud",68,"England"
"181",3754066,"2015-08-16","17:00:00.000",3,0,"available","2020-07-29T05:00",2,2,"England","Premier League",27,"2015/2016",36,"Manchester City","733, Manuel Luis Pellegrini Ripamonti, Manuel Pellegrini, 1953-09-16, 45, Chile",33,"Chelsea","383, José Mario Felix dos Santos Mourinho, José Mourinho, 1963-01-26, 183, Portugal",1,"Regular Season",4715,"Etihad Stadium",4,"Martin Atkinson",68,"England"
"182",3754034,"2015-08-15","13:45:00.000",0,3,"available","2020-07-29T05:00",2,2,"England","Premier League",27,"2015/2016",25,"Southampton","676, Ronald Koeman, NA, 1963-03-21, 160, Netherlands",29,"Everton","263, Roberto Martínez Montoliú, Roberto Martínez, 1973-07-13, 214, Spain",1,"Regular Season",4591,"St. Mary''s Stadium",1,"Michael Oliver",68,"England"
"183",3753985,"2015-08-09","17:00:00.000",0,1,"available","2020-09-11T15:40:15.523254",1,2,"England","Premier League",27,"2015/2016",30,"Stoke City","55, Mark Hughes, NA, 1963-11-01, 249, Wales",24,"Liverpool","6, Brendan Rodgers, NA, 1973-01-26, 169, Northern Ireland",1,"Regular Season",29,"bet365 Stadium",8,"Anthony Taylor",68,"England"
"184",3753987,"2015-08-22","16:00:00.000",1,1,"available","2020-07-29T05:00",3,2,"England","Premier League",27,"2015/2016",22,"Leicester City","60, Claudio Ranieri, NA, 1951-10-20, 112, Italy",38,"Tottenham Hotspur","81, Mauricio Roberto Pochettino Trossero, Mauricio Pochettino, 1972-03-02, 11, Argentina",1,"Regular Season",20,"King Power Stadium ",4,"Martin Atkinson",68,"England"
"185",3754189,"2015-08-23","17:00:00.000",0,0,"available","2020-09-11T15:40:15.523254",3,2,"England","Premier League",27,"2015/2016",23,"Watford","236, Enrique Sánchez Flores, Quique Sánchez Flores, 1965-02-05, 214, Spain",25,"Southampton","676, Ronald Koeman, NA, 1963-03-21, 160, Netherlands",1,"Regular Season",4589,"Vicarage Road",5,"Andre Marriner",68,"England"
"186",3754129,"2015-08-24","21:00:00.000",0,0,"available","2020-07-29T05:00",3,2,"England","Premier League",27,"2015/2016",1,"Arsenal","577, Arsène Wenger, NA, 1949-10-22, 78, France",24,"Liverpool","6, Brendan Rodgers, NA, 1973-01-26, 169, Northern Ireland",1,"Regular Season",3,"Emirates Stadium",1,"Michael Oliver",68,"England"
"187",3754180,"2015-08-22","16:00:00.000",1,1,"available","2020-09-08T15:05:48.912600",3,2,"England","Premier League",27,"2015/2016",41,"Sunderland","453, Dick Advocaat, NA, 1947-09-27, 160, Netherlands",26,"Swansea City","270, Garry Monk, NA, 1979-03-06, 68, England",1,"Regular Season",210,"Stadium of Light",7,"Neil Swarbrick",68,"England"
"188",3754059,"2015-08-23","14:30:00.000",2,3,"available","2022-07-08T22:01:09.024376",3,2,"England","Premier League",27,"2015/2016",27,"West Bromwich Albion","300, Tony Pulis, NA, 1958-01-16, 249, Wales",33,"Chelsea","383, José Mario Felix dos Santos Mourinho, José Mourinho, 1963-01-26, 183, Portugal",1,"Regular Season",33,"The Hawthorns",728,"Mark Clattenburg",68,"England"
"189",3754064,"2016-03-20","14:30:00.000",3,2,"available","2021-07-19T14:06:30.168",31,2,"England","Premier League",27,"2015/2016",25,"Southampton","676, Ronald Koeman, NA, 1963-03-21, 160, Netherlands",24,"Liverpool","94, Jürgen Klopp, NA, 1967-06-16, 85, Germany",1,"Regular Season",4591,"St. Mary''s Stadium",13,"Roger East",68,"England"
"190",3754065,"2016-01-13","21:00:00.000",0,1,"available","2022-12-01T13:52:39.998252",21,2,"England","Premier League",27,"2015/2016",38,"Tottenham Hotspur","81, Mauricio Roberto Pochettino Trossero, Mauricio Pochettino, 1972-03-02, 11, Argentina",22,"Leicester City","60, Claudio Ranieri, NA, 1951-10-20, 112, Italy",1,"Regular Season",99148,"White Hart Lane",10,"Lee Mason",68,"England"
"191",3754173,"2015-12-28","18:30:00.000",2,0,"available","2021-10-29T23:23:14.134378",19,2,"England","Premier League",27,"2015/2016",1,"Arsenal","577, Arsène Wenger, NA, 1949-10-22, 78, France",28,"AFC Bournemouth","38, Eddie Howe, NA, 1977-11-29, 68, England",1,"Regular Season",3,"Emirates Stadium",13,"Roger East",68,"England"
"192",3754175,"2016-04-02","16:00:00.000",0,0,"available","2022-12-01T14:19:33.110706",32,2,"England","Premier League",27,"2015/2016",41,"Sunderland","561, Sam Allardyce, NA, 1954-10-19, 68, England",27,"West Bromwich Albion","300, Tony Pulis, NA, 1958-01-16, 249, Wales",1,"Regular Season",210,"Stadium of Light",13,"Roger East",68,"England"
"193",3753973,"2016-03-19","16:00:00.000",2,2,"available","2021-11-04T18:39:32.323670",31,2,"England","Premier League",27,"2015/2016",33,"Chelsea","3608, Guus Hiddink, NA, 1946-11-08, 160, Netherlands",40,"West Ham United","150, Slaven Bilić, NA, 1968-09-11, 56, Croatia",1,"Regular Season",10,"Stamford Bridge",9,"Robert Madley",68,"England"
"194",3753975,"2016-01-23","16:00:00.000",1,1,"available","2021-10-30T01:04:27.321884",23,2,"England","Premier League",27,"2015/2016",41,"Sunderland","561, Sam Allardyce, NA, 1954-10-19, 68, England",28,"AFC Bournemouth","38, Eddie Howe, NA, 1977-11-29, 68, England",1,"Regular Season",210,"Stadium of Light",13,"Roger East",68,"England"
"195",3753976,"2016-03-02","20:45:00.000",1,2,"available","2022-12-01T14:10:40.492137",28,2,"England","Premier League",27,"2015/2016",1,"Arsenal","577, Arsène Wenger, NA, 1949-10-22, 78, France",26,"Swansea City","3626, Francesco Guidolin, NA, 1955-10-03, 112, Italy",1,"Regular Season",3,"Emirates Stadium",9,"Robert Madley",68,"England"
"196",3753977,"2016-03-19","16:00:00.000",1,2,"available","2021-11-04T18:33:47.376278",31,2,"England","Premier League",27,"2015/2016",23,"Watford","236, Enrique Sánchez Flores, Quique Sánchez Flores, 1965-02-05, 214, Spain",30,"Stoke City","55, Mark Hughes, NA, 1963-11-01, 249, Wales",1,"Regular Season",4589,"Vicarage Road",2,"Craig Pawson",68,"England"
"197",3753980,"2016-03-19","13:45:00.000",0,2,"available","2022-12-01T14:16:06.265253",31,2,"England","Premier League",27,"2015/2016",29,"Everton","263, Roberto Martínez Montoliú, Roberto Martínez, 1973-07-13, 214, Spain",1,"Arsenal","577, Arsène Wenger, NA, 1949-10-22, 78, France",1,"Regular Season",12,"Goodison Park",728,"Mark Clattenburg",68,"England"
"198",3753981,"2016-01-12","20:45:00.000",1,0,"available","2021-07-02T13:56:21.986",21,2,"England","Premier League",27,"2015/2016",59,"Aston Villa","92, Rémi Garde, NA, 1966-04-03, 78, France",31,"Crystal Palace","382, Alan Pardew, NA, 1961-07-18, 68, England",1,"Regular Season",211,"Villa Park",728,"Mark Clattenburg",68,"England"
"199",3753982,"2016-04-03","14:30:00.000",1,0,"available","2022-12-01T14:21:21.913761",32,2,"England","Premier League",27,"2015/2016",22,"Leicester City","60, Claudio Ranieri, NA, 1951-10-20, 112, Italy",25,"Southampton","676, Ronald Koeman, NA, 1963-03-21, 160, Netherlands",1,"Regular Season",20,"King Power Stadium ",1,"Michael Oliver",68,"England"
"200",3753986,"2016-04-10","17:00:00.000",4,1,"available","2021-07-12T14:40:22.094",33,2,"England","Premier League",27,"2015/2016",24,"Liverpool","94, Jürgen Klopp, NA, 1967-06-16, 85, Germany",30,"Stoke City","55, Mark Hughes, NA, 1963-11-01, 249, Wales",1,"Regular Season",6,"Anfield ",728,"Mark Clattenburg",68,"England"
"201",3753988,"2016-03-12","16:00:00.000",3,2,"available","2021-07-31T22:31:15.067",30,2,"England","Premier League",27,"2015/2016",28,"AFC Bournemouth","38, Eddie Howe, NA, 1977-11-29, 68, England",26,"Swansea City","4711, 3626, Alan Curtis, Francesco Guidolin, NA, NA, 1954-04-16, 1955-10-03, 249, 112, Wales, Italy",1,"Regular Season",71,"Vitality Stadium",13,"Roger East",68,"England"
"202",3753989,"2016-05-11","20:45:00.000",3,0,"available","2022-12-01T14:48:06.624347",30,2,"England","Premier League",27,"2015/2016",41,"Sunderland","561, Sam Allardyce, NA, 1954-10-19, 68, England",29,"Everton","263, Roberto Martínez Montoliú, Roberto Martínez, 1973-07-13, 214, Spain",1,"Regular Season",210,"Stadium of Light",8,"Anthony Taylor",68,"England"
"203",3753990,"2016-04-24","15:05:00.000",0,0,"available","2022-12-01T14:33:38.963070",35,2,"England","Premier League",27,"2015/2016",41,"Sunderland","561, Sam Allardyce, NA, 1954-10-19, 68, England",1,"Arsenal","577, Arsène Wenger, NA, 1949-10-22, 78, France",1,"Regular Season",210,"Stadium of Light",6,"Mike Dean",68,"England"
"204",3753991,"2016-03-02","21:00:00.000",3,0,"available","2021-07-03T20:34:48.662",28,2,"England","Premier League",27,"2015/2016",24,"Liverpool","94, Jürgen Klopp, NA, 1967-06-16, 85, Germany",36,"Manchester City","733, Manuel Luis Pellegrini Ripamonti, Manuel Pellegrini, 1953-09-16, 45, Chile",1,"Regular Season",6,"Anfield ",4,"Martin Atkinson",68,"England"
"205",3753992,"2016-05-08","14:30:00.000",1,2,"available","2021-07-07T18:31:46.070",37,2,"England","Premier League",27,"2015/2016",38,"Tottenham Hotspur","81, Mauricio Roberto Pochettino Trossero, Mauricio Pochettino, 1972-03-02, 11, Argentina",25,"Southampton","676, Ronald Koeman, NA, 1963-03-21, 160, Netherlands",1,"Regular Season",99148,"White Hart Lane",3,"Jonathan Moss",68,"England"
"206",3753994,"2016-05-15","16:00:00.000",4,1,"available","2022-12-01T14:49:20.201110",38,2,"England","Premier League",27,"2015/2016",25,"Southampton","676, Ronald Koeman, NA, 1963-03-21, 160, Netherlands",31,"Crystal Palace","382, Alan Pardew, NA, 1961-07-18, 68, England",1,"Regular Season",4591,"St. Mary''s Stadium",1,"Michael Oliver",68,"England"
"207",3753997,"2016-02-02","20:45:00.000",2,0,"available","2021-06-30T21:03:02.583",24,2,"England","Premier League",27,"2015/2016",40,"West Ham United","150, Slaven Bilić, NA, 1968-09-11, 56, Croatia",59,"Aston Villa","92, Rémi Garde, NA, 1966-04-03, 78, France",1,"Regular Season",115324,"Boleyn Ground",3,"Jonathan Moss",68,"England"
"208",3753998,"2015-12-28","18:30:00.000",2,1,"available","2022-12-01T13:47:15.525094",19,2,"England","Premier League",27,"2015/2016",40,"West Ham United","150, Slaven Bilić, NA, 1968-09-11, 56, Croatia",25,"Southampton","676, Ronald Koeman, NA, 1963-03-21, 160, Netherlands",1,"Regular Season",115324,"Boleyn Ground",1,"Michael Oliver",68,"England"
"209",3754002,"2016-03-14","21:00:00.000",1,0,"available","2021-07-31T22:35:04.431",30,2,"England","Premier League",27,"2015/2016",22,"Leicester City","60, Claudio Ranieri, NA, 1951-10-20, 112, Italy",37,"Newcastle United","148, Rafael Benítez Maudes, Rafael Benítez, 1960-04-16, 214, Spain",1,"Regular Season",20,"King Power Stadium ",2,"Craig Pawson",68,"England"
"210",3754004,"2016-01-16","16:00:00.000",3,0,"available","2022-12-01T13:53:26.687758",22,2,"England","Premier League",27,"2015/2016",28,"AFC Bournemouth","38, Eddie Howe, NA, 1977-11-29, 68, England",56,"Norwich City","41, Alex Neil, NA, 1981-06-09, 201, Scotland",1,"Regular Season",71,"Vitality Stadium",9,"Robert Madley",68,"England"
"211",3754005,"2016-03-02","20:45:00.000",1,0,"available","2021-11-04T18:06:52.081837",28,2,"England","Premier League",27,"2015/2016",30,"Stoke City","55, Mark Hughes, NA, 1963-11-01, 249, Wales",37,"Newcastle United","40, Steve McClaren, NA, 1961-05-03, 68, England",1,"Regular Season",29,"bet365 Stadium",7,"Neil Swarbrick",68,"England"
"212",3754009,"2016-04-17","17:00:00.000",1,1,"available","2021-07-06T18:04:40.541",34,2,"England","Premier League",27,"2015/2016",1,"Arsenal","577, Arsène Wenger, NA, 1949-10-22, 78, France",31,"Crystal Palace","382, Alan Pardew, NA, 1961-07-18, 68, England",1,"Regular Season",3,"Emirates Stadium",13,"Roger East",68,"England"
"213",3754012,"2016-02-27","16:00:00.000",1,2,"available","2022-12-01T14:04:25.572886",27,2,"England","Premier League",27,"2015/2016",25,"Southampton","676, Ronald Koeman, NA, 1963-03-21, 160, Netherlands",33,"Chelsea","3608, Guus Hiddink, NA, 1946-11-08, 160, Netherlands",1,"Regular Season",4591,"St. Mary''s Stadium",4,"Martin Atkinson",68,"England"
"214",3754016,"2016-04-09","16:00:00.000",3,1,"available","2022-12-01T14:23:18.027982",33,2,"England","Premier League",27,"2015/2016",25,"Southampton","676, Ronald Koeman, NA, 1963-03-21, 160, Netherlands",37,"Newcastle United","148, Rafael Benítez Maudes, Rafael Benítez, 1960-04-16, 214, Spain",1,"Regular Season",4591,"St. Mary''s Stadium",9,"Robert Madley",68,"England"
"215",3754018,"2016-05-01","13:00:00.000",3,1,"available","2021-11-04T19:13:36.181897",36,2,"England","Premier League",27,"2015/2016",26,"Swansea City","3626, Francesco Guidolin, NA, 1955-10-03, 112, Italy",24,"Liverpool","94, Jürgen Klopp, NA, 1967-06-16, 85, Germany",1,"Regular Season",45,"Swansea.com Stadium",13,"Roger East",68,"England"
"216",3754019,"2015-12-28","18:30:00.000",0,0,"available","2021-10-29T23:36:51.546904",19,2,"England","Premier League",27,"2015/2016",39,"Manchester United","788, Louis van Gaal, NA, 1951-08-08, 160, Netherlands",33,"Chelsea","3608, Guus Hiddink, NA, 1946-11-08, 160, Netherlands",1,"Regular Season",2,"Old Trafford",4,"Martin Atkinson",68,"England"
"217",3754021,"2016-01-12","20:45:00.000",1,3,"available","2021-10-30T00:13:49.011466",21,2,"England","Premier League",27,"2015/2016",28,"AFC Bournemouth","38, Eddie Howe, NA, 1977-11-29, 68, England",40,"West Ham United","150, Slaven Bilić, NA, 1968-09-11, 56, Croatia",1,"Regular Season",71,"Vitality Stadium",4,"Martin Atkinson",68,"England"
"218",3754022,"2016-04-09","16:00:00.000",1,0,"available","2022-12-01T14:23:40.009813",33,2,"England","Premier League",27,"2015/2016",31,"Crystal Palace","382, Alan Pardew, NA, 1961-07-18, 68, England",56,"Norwich City","41, Alex Neil, NA, 1981-06-09, 201, Scotland",1,"Regular Season",37,"Selhurst Park",1,"Michael Oliver",68,"England"
"219",3754024,"2016-04-16","16:00:00.000",3,0,"available","2022-12-01T14:28:06.773103",34,2,"England","Premier League",27,"2015/2016",37,"Newcastle United","148, Rafael Benítez Maudes, Rafael Benítez, 1960-04-16, 214, Spain",26,"Swansea City","3626, Francesco Guidolin, NA, 1955-10-03, 112, Italy",1,"Regular Season",4674,"St. James'' Park",10,"Lee Mason",68,"England"
"220",3754026,"2016-05-07","16:00:00.000",2,1,"available","2021-07-07T18:12:56.866",37,2,"England","Premier League",27,"2015/2016",31,"Crystal Palace","382, Alan Pardew, NA, 1961-07-18, 68, England",30,"Stoke City","55, Mark Hughes, NA, 1963-11-01, 249, Wales",1,"Regular Season",37,"Selhurst Park",12,"Kevin Friend",68,"England"
"221",3754027,"2016-01-16","13:45:00.000",4,1,"available","2021-10-30T00:42:32.910320",22,2,"England","Premier League",27,"2015/2016",38,"Tottenham Hotspur","81, Mauricio Roberto Pochettino Trossero, Mauricio Pochettino, 1972-03-02, 11, Argentina",41,"Sunderland","561, Sam Allardyce, NA, 1954-10-19, 68, England",1,"Regular Season",99148,"White Hart Lane",6,"Mike Dean",68,"England"
"222",3754030,"2016-04-09","16:00:00.000",1,1,"available","2021-07-06T20:37:57.613",33,2,"England","Premier League",27,"2015/2016",23,"Watford","236, Enrique Sánchez Flores, Quique Sánchez Flores, 1965-02-05, 214, Spain",29,"Everton","263, Roberto Martínez Montoliú, Roberto Martínez, 1973-07-13, 214, Spain",1,"Regular Season",4589,"Vicarage Road",12,"Kevin Friend",68,"England"
"223",3754031,"2016-02-13","13:45:00.000",2,1,"available","2022-12-01T14:01:31.142811",26,2,"England","Premier League",27,"2015/2016",41,"Sunderland","561, Sam Allardyce, NA, 1954-10-19, 68, England",39,"Manchester United","788, Louis van Gaal, NA, 1951-08-08, 160, Netherlands",1,"Regular Season",210,"Stadium of Light",5,"Andre Marriner",68,"England"
"224",3754032,"2016-01-13","20:45:00.000",3,1,"available","2021-07-23T13:01:16.684",21,2,"England","Premier League",27,"2015/2016",30,"Stoke City","55, Mark Hughes, NA, 1963-11-01, 249, Wales",56,"Norwich City","41, Alex Neil, NA, 1981-06-09, 201, Scotland",1,"Regular Season",29,"bet365 Stadium",7,"Neil Swarbrick",68,"England"
"225",3754033,"2016-05-07","18:30:00.000",3,1,"available","2022-12-01T14:38:23.266537",37,2,"England","Premier League",27,"2015/2016",22,"Leicester City","60, Claudio Ranieri, NA, 1951-10-20, 112, Italy",29,"Everton","263, Roberto Martínez Montoliú, Roberto Martínez, 1973-07-13, 214, Spain",1,"Regular Season",20,"King Power Stadium ",5,"Andre Marriner",68,"England"
"226",3754035,"2016-04-09","18:30:00.000",2,1,"available","2022-12-01T14:25:35.775533",33,2,"England","Premier League",27,"2015/2016",36,"Manchester City","733, Manuel Luis Pellegrini Ripamonti, Manuel Pellegrini, 1953-09-16, 45, Chile",27,"West Bromwich Albion","300, Tony Pulis, NA, 1958-01-16, 249, Wales",1,"Regular Season",4715,"Etihad Stadium",14,"Mike Jones",68,"England"
"227",3754036,"2016-01-02","16:00:00.000",3,1,"available","2022-12-01T13:50:10.381162",20,2,"England","Premier League",27,"2015/2016",41,"Sunderland","561, Sam Allardyce, NA, 1954-10-19, 68, England",59,"Aston Villa","92, Rémi Garde, NA, 1966-04-03, 78, France",1,"Regular Season",210,"Stadium of Light",2,"Craig Pawson",68,"England"
"228",3754061,"2016-03-05","16:00:00.000",1,1,"available","2021-11-04T18:18:35.114004",29,2,"England","Premier League",27,"2015/2016",33,"Chelsea","3608, Guus Hiddink, NA, 1946-11-08, 160, Netherlands",30,"Stoke City","55, Mark Hughes, NA, 1963-11-01, 249, Wales",1,"Regular Season",10,"Stamford Bridge",728,"Mark Clattenburg",68,"England"
"229",3754062,"2016-01-13","20:45:00.000",2,2,"available","2022-12-01T13:51:56.637934",21,2,"England","Premier League",27,"2015/2016",33,"Chelsea","3608, Guus Hiddink, NA, 1946-11-08, 160, Netherlands",27,"West Bromwich Albion","300, Tony Pulis, NA, 1958-01-16, 249, Wales",1,"Regular Season",10,"Stamford Bridge",8,"Anthony Taylor",68,"England"
"230",3754063,"2016-04-30","16:00:00.000",3,2,"available","2021-07-10T13:23:09.143",36,2,"England","Premier League",27,"2015/2016",23,"Watford","236, Enrique Sánchez Flores, Quique Sánchez Flores, 1965-02-05, 214, Spain",59,"Aston Villa","5020, Eric Black, NA, 1963-10-01, 201, Scotland",1,"Regular Season",4589,"Vicarage Road",8,"Anthony Taylor",68,"England"
"231",3754069,"2016-01-02","16:00:00.000",1,0,"available","2022-12-01T13:49:13.209754",20,2,"England","Premier League",27,"2015/2016",1,"Arsenal","577, Arsène Wenger, NA, 1949-10-22, 78, France",37,"Newcastle United","40, Steve McClaren, NA, 1961-05-03, 68, England",1,"Regular Season",3,"Emirates Stadium",8,"Anthony Taylor",68,"England"
"232",3754070,"2016-05-07","16:00:00.000",0,0,"available","2021-07-08T21:16:34.235",37,2,"England","Premier League",27,"2015/2016",59,"Aston Villa","5020, Eric Black, NA, 1963-10-01, 201, Scotland",37,"Newcastle United","148, Rafael Benítez Maudes, Rafael Benítez, 1960-04-16, 214, Spain",1,"Regular Season",211,"Villa Park",9,"Robert Madley",68,"England"
"233",3754071,"2016-01-13","20:45:00.000",2,4,"available","2021-10-30T00:34:46.190260",21,2,"England","Premier League",27,"2015/2016",26,"Swansea City","4711, Alan Curtis, NA, 1954-04-16, 249, Wales",41,"Sunderland","561, Sam Allardyce, NA, 1954-10-19, 68, England",1,"Regular Season",45,"Swansea.com Stadium",11,"Graham Scott",68,"England"
"234",3754075,"2016-04-02","13:45:00.000",0,4,"available","2021-07-11T14:43:58.604",32,2,"England","Premier League",27,"2015/2016",59,"Aston Villa","5020, Eric Black, NA, 1963-10-01, 201, Scotland",33,"Chelsea","3608, Guus Hiddink, NA, 1946-11-08, 160, Netherlands",1,"Regular Season",211,"Villa Park",7,"Neil Swarbrick",68,"England"
"235",3754080,"2016-02-06","16:00:00.000",1,0,"available","2021-06-29T19:19:44.341",25,2,"England","Premier League",27,"2015/2016",38,"Tottenham Hotspur","81, Mauricio Roberto Pochettino Trossero, Mauricio Pochettino, 1972-03-02, 11, Argentina",23,"Watford","236, Enrique Sánchez Flores, Quique Sánchez Flores, 1965-02-05, 214, Spain",1,"Regular Season",99148,"White Hart Lane",13,"Roger East",68,"England"
"236",3754081,"2016-03-06","17:00:00.000",1,0,"available","2021-07-02T17:22:56.574",29,2,"England","Premier League",27,"2015/2016",27,"West Bromwich Albion","300, Tony Pulis, NA, 1958-01-16, 249, Wales",39,"Manchester United","788, Louis van Gaal, NA, 1951-08-08, 160, Netherlands",1,"Regular Season",33,"The Hawthorns",6,"Mike Dean",68,"England"
"237",3754084,"2016-01-23","16:00:00.000",0,0,"available","2022-12-01T13:55:08.753708",23,2,"England","Premier League",27,"2015/2016",27,"West Bromwich Albion","300, Tony Pulis, NA, 1958-01-16, 249, Wales",59,"Aston Villa","92, Rémi Garde, NA, 1966-04-03, 78, France",1,"Regular Season",33,"The Hawthorns",9,"Robert Madley",68,"England"
"238",3754086,"2016-04-20","20:45:00.000",3,1,"available","2021-07-06T18:06:29.513",30,2,"England","Premier League",27,"2015/2016",40,"West Ham United","150, Slaven Bilić, NA, 1968-09-11, 56, Croatia",23,"Watford","236, Enrique Sánchez Flores, Quique Sánchez Flores, 1965-02-05, 214, Spain",1,"Regular Season",115324,"Boleyn Ground",6,"Mike Dean",68,"England"
"239",3754087,"2016-04-02","18:30:00.000",1,1,"available","2022-12-01T14:20:26.635202",32,2,"England","Premier League",27,"2015/2016",24,"Liverpool","94, Jürgen Klopp, NA, 1967-06-16, 85, Germany",38,"Tottenham Hotspur","81, Mauricio Roberto Pochettino Trossero, Mauricio Pochettino, 1972-03-02, 11, Argentina",1,"Regular Season",6,"Anfield ",3,"Jonathan Moss",68,"England"
"240",3754088,"2016-01-12","20:45:00.000",3,3,"available","2021-10-30T00:06:51.530211",21,2,"England","Premier League",27,"2015/2016",37,"Newcastle United","40, Steve McClaren, NA, 1961-05-03, 68, England",39,"Manchester United","788, Louis van Gaal, NA, 1951-08-08, 160, Netherlands",1,"Regular Season",4674,"St. James'' Park",6,"Mike Dean",68,"England"
"241",3754089,"2016-02-02","21:00:00.000",1,2,"available","2022-12-01T13:57:52.817967",24,2,"England","Premier League",27,"2015/2016",31,"Crystal Palace","382, Alan Pardew, NA, 1961-07-18, 68, England",28,"AFC Bournemouth","38, Eddie Howe, NA, 1977-11-29, 68, England",1,"Regular Season",37,"Selhurst Park",14,"Mike Jones",68,"England"
"242",3754092,"2016-05-02","21:00:00.000",2,2,"available","2022-12-01T14:37:07.934951",36,2,"England","Premier League",27,"2015/2016",33,"Chelsea","3608, Guus Hiddink, NA, 1946-11-08, 160, Netherlands",38,"Tottenham Hotspur","81, Mauricio Roberto Pochettino Trossero, Mauricio Pochettino, 1972-03-02, 11, Argentina",1,"Regular Season",10,"Stamford Bridge",728,"Mark Clattenburg",68,"England"
"243",3754094,"2016-02-02","21:00:00.000",3,0,"available","2021-07-05T22:51:25.988",24,2,"England","Premier League",27,"2015/2016",39,"Manchester United","788, Louis van Gaal, NA, 1951-08-08, 160, Netherlands",30,"Stoke City","55, Mark Hughes, NA, 1963-11-01, 249, Wales",1,"Regular Season",2,"Old Trafford",13,"Roger East",68,"England"
"244",3754095,"2016-02-02","20:45:00.000",0,1,"available","2021-06-28T18:36:31.942",24,2,"England","Premier League",27,"2015/2016",41,"Sunderland","561, Sam Allardyce, NA, 1954-10-19, 68, England",36,"Manchester City","733, Manuel Luis Pellegrini Ripamonti, Manuel Pellegrini, 1953-09-16, 45, Chile",1,"Regular Season",210,"Stadium of Light",16,"Stuart Attwell",68,"England"
"245",3754100,"2016-03-20","14:30:00.000",1,1,"available","2022-12-01T14:17:47.408729",31,2,"England","Premier League",27,"2015/2016",37,"Newcastle United","148, Rafael Benítez Maudes, Rafael Benítez, 1960-04-16, 214, Spain",41,"Sunderland","561, Sam Allardyce, NA, 1954-10-19, 68, England",1,"Regular Season",4674,"St. James'' Park",4,"Martin Atkinson",68,"England"
"246",3754101,"2016-01-02","16:00:00.000",1,0,"available","2021-06-28T15:13:14.580",20,2,"England","Premier League",27,"2015/2016",56,"Norwich City","41, Alex Neil, NA, 1981-06-09, 201, Scotland",25,"Southampton","676, Ronald Koeman, NA, 1963-03-21, 160, Netherlands",1,"Regular Season",220,"Carrow Road",728,"Mark Clattenburg",68,"England"
"247",3754103,"2016-02-03","20:45:00.000",0,0,"available","2021-07-31T22:19:37.639",24,2,"England","Premier League",27,"2015/2016",23,"Watford","236, Enrique Sánchez Flores, Quique Sánchez Flores, 1965-02-05, 214, Spain",33,"Chelsea","3608, Guus Hiddink, NA, 1946-11-08, 160, Netherlands",1,"Regular Season",4589,"Vicarage Road",6,"Mike Dean",68,"England"
"248",3754108,"2016-05-07","16:00:00.000",3,2,"available","2021-11-04T19:18:49.728465",37,2,"England","Premier League",27,"2015/2016",41,"Sunderland","561, Sam Allardyce, NA, 1954-10-19, 68, England",33,"Chelsea","3608, Guus Hiddink, NA, 1946-11-08, 160, Netherlands",1,"Regular Season",210,"Stadium of Light",14,"Mike Jones",68,"England"
"249",3754110,"2016-01-23","18:30:00.000",2,2,"available","2021-07-04T22:57:07.077",23,2,"England","Premier League",27,"2015/2016",40,"West Ham United","150, Slaven Bilić, NA, 1968-09-11, 56, Croatia",36,"Manchester City","733, Manuel Luis Pellegrini Ripamonti, Manuel Pellegrini, 1953-09-16, 45, Chile",1,"Regular Season",115324,"Boleyn Ground",2,"Craig Pawson",68,"England"
"250",3754111,"2016-01-24","17:00:00.000",0,1,"available","2022-12-01T13:56:00.180298",23,2,"England","Premier League",27,"2015/2016",1,"Arsenal","577, Arsène Wenger, NA, 1949-10-22, 78, France",33,"Chelsea","3608, Guus Hiddink, NA, 1946-11-08, 160, Netherlands",1,"Regular Season",3,"Emirates Stadium",728,"Mark Clattenburg",68,"England"
"251",3754114,"2016-01-03","14:30:00.000",0,3,"available","2021-10-29T23:59:12.261999",20,2,"England","Premier League",27,"2015/2016",31,"Crystal Palace","382, Alan Pardew, NA, 1961-07-18, 68, England",33,"Chelsea","3608, Guus Hiddink, NA, 1946-11-08, 160, Netherlands",1,"Regular Season",37,"Selhurst Park",12,"Kevin Friend",68,"England"
"252",3754116,"2016-04-09","16:00:00.000",1,0,"available","2022-12-01T14:24:42.060729",33,2,"England","Premier League",27,"2015/2016",26,"Swansea City","3626, Francesco Guidolin, NA, 1955-10-03, 112, Italy",33,"Chelsea","3608, Guus Hiddink, NA, 1946-11-08, 160, Netherlands",1,"Regular Season",45,"Swansea.com Stadium",5,"Andre Marriner",68,"England"
"253",3754118,"2016-04-02","16:00:00.000",4,0,"available","2021-11-04T18:50:55.325548",32,2,"England","Premier League",27,"2015/2016",1,"Arsenal","577, Arsène Wenger, NA, 1949-10-22, 78, France",23,"Watford","236, Enrique Sánchez Flores, Quique Sánchez Flores, 1965-02-05, 214, Spain",1,"Regular Season",3,"Emirates Stadium",8,"Anthony Taylor",68,"England"
"254",3754120,"2016-02-06","18:30:00.000",1,0,"available","2022-12-01T14:00:36.035278",25,2,"England","Premier League",27,"2015/2016",25,"Southampton","676, Ronald Koeman, NA, 1963-03-21, 160, Netherlands",40,"West Ham United","150, Slaven Bilić, NA, 1968-09-11, 56, Croatia",1,"Regular Season",4591,"St. Mary''s Stadium",728,"Mark Clattenburg",68,"England"
"255",3754121,"2016-02-27","16:00:00.000",0,0,"available","2022-12-01T14:05:17.161396",27,2,"England","Premier League",27,"2015/2016",23,"Watford","236, Enrique Sánchez Flores, Quique Sánchez Flores, 1965-02-05, 214, Spain",28,"AFC Bournemouth","38, Eddie Howe, NA, 1977-11-29, 68, England",1,"Regular Season",4589,"Vicarage Road",8,"Anthony Taylor",68,"England"
"256",3754122,"2016-01-02","16:00:00.000",2,1,"available","2021-07-01T23:02:33.656",20,2,"England","Premier League",27,"2015/2016",27,"West Bromwich Albion","300, Tony Pulis, NA, 1958-01-16, 249, Wales",30,"Stoke City","55, Mark Hughes, NA, 1963-11-01, 249, Wales",1,"Regular Season",33,"The Hawthorns",10,"Lee Mason",68,"England"
"257",3754123,"2016-05-15","16:00:00.000",3,0,"available","2021-07-17T16:46:55.761",38,2,"England","Premier League",27,"2015/2016",29,"Everton","689, David Unsworth, NA, 1973-10-16, 68, England",56,"Norwich City","41, Alex Neil, NA, 1981-06-09, 201, Scotland",1,"Regular Season",12,"Goodison Park",10,"Lee Mason",68,"England"
"258",3754124,"2016-03-20","17:00:00.000",0,1,"available","2022-12-01T14:18:44.139036",31,2,"England","Premier League",27,"2015/2016",36,"Manchester City","733, Manuel Luis Pellegrini Ripamonti, Manuel Pellegrini, 1953-09-16, 45, Chile",39,"Manchester United","788, Louis van Gaal, NA, 1951-08-08, 160, Netherlands",1,"Regular Season",4715,"Etihad Stadium",1,"Michael Oliver",68,"England"
"259",3754125,"2016-01-16","16:00:00.000",3,3,"available","2022-01-25T22:40:54.343920",22,2,"England","Premier League",27,"2015/2016",33,"Chelsea","3608, Guus Hiddink, NA, 1946-11-08, 160, Netherlands",29,"Everton","263, Roberto Martínez Montoliú, Roberto Martínez, 1973-07-13, 214, Spain",1,"Regular Season",10,"Stamford Bridge",14,"Mike Jones",68,"England"
"260",3754127,"2016-02-06","16:00:00.000",0,3,"available","2021-10-30T01:19:43.981841",25,2,"England","Premier League",27,"2015/2016",30,"Stoke City","55, Mark Hughes, NA, 1963-11-01, 249, Wales",29,"Everton","263, Roberto Martínez Montoliú, Roberto Martínez, 1973-07-13, 214, Spain",1,"Regular Season",29,"bet365 Stadium",5,"Andre Marriner",68,"England"
"261",3754132,"2016-04-30","16:00:00.000",1,1,"available","2021-07-06T18:13:15.148",36,2,"England","Premier League",27,"2015/2016",30,"Stoke City","55, Mark Hughes, NA, 1963-11-01, 249, Wales",41,"Sunderland","561, Sam Allardyce, NA, 1954-10-19, 68, England",1,"Regular Season",29,"bet365 Stadium",2,"Craig Pawson",68,"England"
"262",3754134,"2016-05-10","21:30:00.000",3,2,"available","2022-12-01T14:44:15.445809",35,2,"England","Premier League",27,"2015/2016",40,"West Ham United","150, Slaven Bilić, NA, 1968-09-11, 56, Croatia",39,"Manchester United","788, Louis van Gaal, NA, 1951-08-08, 160, Netherlands",1,"Regular Season",115324,"Boleyn Ground",6,"Mike Dean",68,"England"
"263",3754137,"2016-04-16","16:00:00.000",1,1,"available","2022-12-01T14:28:56.951318",34,2,"England","Premier League",27,"2015/2016",29,"Everton","263, Roberto Martínez Montoliú, Roberto Martínez, 1973-07-13, 214, Spain",25,"Southampton","676, Ronald Koeman, NA, 1963-03-21, 160, Netherlands",1,"Regular Season",12,"Goodison Park",2,"Craig Pawson",68,"England"
"264",3754139,"2016-02-13","16:00:00.000",0,1,"available","2021-06-28T18:54:23.113",26,2,"England","Premier League",27,"2015/2016",26,"Swansea City","3626, Francesco Guidolin, NA, 1955-10-03, 112, Italy",25,"Southampton","676, Ronald Koeman, NA, 1963-03-21, 160, Netherlands",1,"Regular Season",45,"Swansea.com Stadium",3,"Jonathan Moss",68,"England"
"265",3754140,"2016-01-03","17:00:00.000",1,1,"available","2021-06-28T18:22:40.737",20,2,"England","Premier League",27,"2015/2016",29,"Everton","263, Roberto Martínez Montoliú, Roberto Martínez, 1973-07-13, 214, Spain",38,"Tottenham Hotspur","81, Mauricio Roberto Pochettino Trossero, Mauricio Pochettino, 1972-03-02, 11, Argentina",1,"Regular Season",12,"Goodison Park",1,"Michael Oliver",68,"England"
"266",3754142,"2016-01-13","20:45:00.000",0,0,"available","2021-06-28T18:27:47.760",21,2,"England","Premier League",27,"2015/2016",36,"Manchester City","733, Manuel Luis Pellegrini Ripamonti, Manuel Pellegrini, 1953-09-16, 45, Chile",29,"Everton","263, Roberto Martínez Montoliú, Roberto Martínez, 1973-07-13, 214, Spain",1,"Regular Season",4715,"Etihad Stadium",13,"Roger East",68,"England"
"267",3754144,"2016-04-02","16:00:00.000",0,4,"available","2021-08-07T22:18:05.796",32,2,"England","Premier League",27,"2015/2016",28,"AFC Bournemouth","38, Eddie Howe, NA, 1977-11-29, 68, England",36,"Manchester City","733, Manuel Luis Pellegrini Ripamonti, Manuel Pellegrini, 1953-09-16, 45, Chile",1,"Regular Season",71,"Vitality Stadium",9,"Robert Madley",68,"England"
"268",3754147,"2016-02-14","17:15:00.000",1,2,"available","2022-12-01T14:03:30.297580",26,2,"England","Premier League",27,"2015/2016",36,"Manchester City","733, Manuel Luis Pellegrini Ripamonti, Manuel Pellegrini, 1953-09-16, 45, Chile",38,"Tottenham Hotspur","81, Mauricio Roberto Pochettino Trossero, Mauricio Pochettino, 1972-03-02, 11, Argentina",1,"Regular Season",4715,"Etihad Stadium",728,"Mark Clattenburg",68,"England"
"269",3754149,"2016-05-15","16:00:00.000",1,1,"available","2021-07-07T20:54:20.840",38,2,"England","Premier League",27,"2015/2016",26,"Swansea City","3626, Francesco Guidolin, NA, 1955-10-03, 112, Italy",36,"Manchester City","733, Manuel Luis Pellegrini Ripamonti, Manuel Pellegrini, 1953-09-16, 45, Chile",1,"Regular Season",45,"Swansea.com Stadium",6,"Mike Dean",68,"England"
"270",3754151,"2016-03-05","16:00:00.000",1,0,"available","2021-07-03T18:20:04.122",29,2,"England","Premier League",27,"2015/2016",26,"Swansea City","4711, 3626, Alan Curtis, Francesco Guidolin, NA, NA, 1954-04-16, 1955-10-03, 249, 112, Wales, Italy",56,"Norwich City","41, Alex Neil, NA, 1981-06-09, 201, Scotland",1,"Regular Season",45,"Swansea.com Stadium",2,"Craig Pawson",68,"England"
"271",3754152,"2016-04-10","14:30:00.000",0,2,"available","2021-07-07T16:52:23.456",33,2,"England","Premier League",27,"2015/2016",41,"Sunderland","561, Sam Allardyce, NA, 1954-10-19, 68, England",22,"Leicester City","60, Claudio Ranieri, NA, 1951-10-20, 112, Italy",1,"Regular Season",210,"Stadium of Light",8,"Anthony Taylor",68,"England"
"272",3754154,"2016-04-23","16:00:00.000",2,2,"available","2022-12-01T14:31:38.980516",35,2,"England","Premier League",27,"2015/2016",24,"Liverpool","94, Jürgen Klopp, NA, 1967-06-16, 85, Germany",37,"Newcastle United","148, Rafael Benítez Maudes, Rafael Benítez, 1960-04-16, 214, Spain",1,"Regular Season",6,"Anfield ",5,"Andre Marriner",68,"England"
"273",3754155,"2016-04-16","16:00:00.000",0,1,"available","2021-07-09T13:25:58.712",34,2,"England","Premier League",27,"2015/2016",27,"West Bromwich Albion","300, Tony Pulis, NA, 1958-01-16, 249, Wales",23,"Watford","236, Enrique Sánchez Flores, Quique Sánchez Flores, 1965-02-05, 214, Spain",1,"Regular Season",33,"The Hawthorns",1,"Michael Oliver",68,"England"
"274",3754158,"2016-05-07","16:00:00.000",1,4,"available","2022-12-01T14:41:02.956521",37,2,"England","Premier League",27,"2015/2016",40,"West Ham United","150, Slaven Bilić, NA, 1968-09-11, 56, Croatia",26,"Swansea City","3626, Francesco Guidolin, NA, 1955-10-03, 112, Italy",1,"Regular Season",115324,"Boleyn Ground",1,"Michael Oliver",68,"England"
"275",3754159,"2016-05-17","21:00:00.000",3,1,"available","2021-07-09T13:36:42.171",38,2,"England","Premier League",27,"2015/2016",39,"Manchester United","788, Louis van Gaal, NA, 1951-08-08, 160, Netherlands",28,"AFC Bournemouth","38, Eddie Howe, NA, 1977-11-29, 68, England",1,"Regular Season",2,"Old Trafford",3,"Jonathan Moss",68,"England"
"276",3754161,"2016-01-18","21:00:00.000",1,0,"available","2021-07-05T22:39:42.057",22,2,"England","Premier League",27,"2015/2016",26,"Swansea City","4711, Alan Curtis, NA, 1954-04-16, 249, Wales",23,"Watford","236, Enrique Sánchez Flores, Quique Sánchez Flores, 1965-02-05, 214, Spain",1,"Regular Season",45,"Swansea.com Stadium",1,"Michael Oliver",68,"England"
"277",3754163,"2016-01-24","14:30:00.000",1,2,"available","2021-07-02T14:21:36.141",23,2,"England","Premier League",27,"2015/2016",29,"Everton","263, Roberto Martínez Montoliú, Roberto Martínez, 1973-07-13, 214, Spain",26,"Swansea City","3626, Francesco Guidolin, NA, 1955-10-03, 112, Italy",1,"Regular Season",12,"Goodison Park",8,"Anthony Taylor",68,"England"
"278",3754164,"2016-03-05","16:00:00.000",1,1,"available","2022-12-01T14:12:25.415727",29,2,"England","Premier League",27,"2015/2016",25,"Southampton","676, Ronald Koeman, NA, 1963-03-21, 160, Netherlands",41,"Sunderland","561, Sam Allardyce, NA, 1954-10-19, 68, England",1,"Regular Season",4591,"St. Mary''s Stadium",7,"Neil Swarbrick",68,"England"
"279",3754165,"2016-05-01","15:05:00.000",1,1,"available","2022-12-01T14:35:51.285503",36,2,"England","Premier League",27,"2015/2016",39,"Manchester United","788, Louis van Gaal, NA, 1951-08-08, 160, Netherlands",22,"Leicester City","60, Claudio Ranieri, NA, 1951-10-20, 112, Italy",1,"Regular Season",2,"Old Trafford",1,"Michael Oliver",68,"England"
"280",3754168,"2016-01-16","16:00:00.000",3,0,"available","2021-08-09T22:43:01.292",22,2,"England","Premier League",27,"2015/2016",25,"Southampton","676, Ronald Koeman, NA, 1963-03-21, 160, Netherlands",27,"West Bromwich Albion","300, Tony Pulis, NA, 1958-01-16, 249, Wales",1,"Regular Season",4591,"St. Mary''s Stadium",4,"Martin Atkinson",68,"England"
"281",3754170,"2016-04-30","16:00:00.000",1,0,"available","2022-12-01T14:34:39.959477",36,2,"England","Premier League",27,"2015/2016",37,"Newcastle United","148, Rafael Benítez Maudes, Rafael Benítez, 1960-04-16, 214, Spain",31,"Crystal Palace","382, Alan Pardew, NA, 1961-07-18, 68, England",1,"Regular Season",4674,"St. James'' Park",6,"Mike Dean",68,"England"
"282",3754172,"2016-04-16","13:45:00.000",0,3,"available","2022-12-01T14:27:17.645361",34,2,"England","Premier League",27,"2015/2016",56,"Norwich City","41, Alex Neil, NA, 1981-06-09, 201, Scotland",41,"Sunderland","561, Sam Allardyce, NA, 1954-10-19, 68, England",1,"Regular Season",220,"Carrow Road",5,"Andre Marriner",68,"England"
"283",3754176,"2016-04-02","16:00:00.000",2,2,"available","2021-07-06T17:54:57.266",32,2,"England","Premier League",27,"2015/2016",40,"West Ham United","150, Slaven Bilić, NA, 1968-09-11, 56, Croatia",31,"Crystal Palace","382, Alan Pardew, NA, 1961-07-18, 68, England",1,"Regular Season",115324,"Boleyn Ground",728,"Mark Clattenburg",68,"England"
"284",3754177,"2016-03-05","16:00:00.000",1,3,"available","2021-07-06T17:28:23.213",29,2,"England","Premier League",27,"2015/2016",37,"Newcastle United","40, Steve McClaren, NA, 1961-05-03, 68, England",28,"AFC Bournemouth","38, Eddie Howe, NA, 1977-11-29, 68, England",1,"Regular Season",4674,"St. James'' Park",17,"Paul Tierney",68,"England"
"285",3754179,"2016-01-23","16:00:00.000",1,3,"available","2021-07-19T13:57:03.962",23,2,"England","Premier League",27,"2015/2016",31,"Crystal Palace","382, Alan Pardew, NA, 1961-07-18, 68, England",38,"Tottenham Hotspur","81, Mauricio Roberto Pochettino Trossero, Mauricio Pochettino, 1972-03-02, 11, Argentina",1,"Regular Season",37,"Selhurst Park",4,"Martin Atkinson",68,"England"
"286",3754181,"2016-03-19","16:00:00.000",0,1,"available","2021-11-04T18:28:57.094753",31,2,"England","Premier League",27,"2015/2016",31,"Crystal Palace","382, Alan Pardew, NA, 1961-07-18, 68, England",22,"Leicester City","60, Claudio Ranieri, NA, 1951-10-20, 112, Italy",1,"Regular Season",37,"Selhurst Park",14,"Mike Jones",68,"England"
"287",3754183,"2016-01-13","20:45:00.000",2,0,"available","2021-10-30T00:20:51.500167",21,2,"England","Premier League",27,"2015/2016",25,"Southampton","676, Ronald Koeman, NA, 1963-03-21, 160, Netherlands",23,"Watford","236, Enrique Sánchez Flores, Quique Sánchez Flores, 1965-02-05, 214, Spain",1,"Regular Season",4591,"St. Mary''s Stadium",2,"Craig Pawson",68,"England"
"288",3754184,"2016-04-30","18:30:00.000",1,0,"available","2021-07-07T17:52:58.742",36,2,"England","Premier League",27,"2015/2016",1,"Arsenal","577, Arsène Wenger, NA, 1949-10-22, 78, France",56,"Norwich City","41, Alex Neil, NA, 1981-06-09, 201, Scotland",1,"Regular Season",3,"Emirates Stadium",14,"Mike Jones",68,"England"
"289",3754187,"2016-04-18","21:00:00.000",0,4,"available","2022-12-01T14:30:35.994587",34,2,"England","Premier League",27,"2015/2016",30,"Stoke City","55, Mark Hughes, NA, 1963-11-01, 249, Wales",38,"Tottenham Hotspur","81, Mauricio Roberto Pochettino Trossero, Mauricio Pochettino, 1972-03-02, 11, Argentina",1,"Regular Season",29,"bet365 Stadium",7,"Neil Swarbrick",68,"England"
"290",3754191,"2015-11-01","17:00:00.000",2,0,"available","2021-07-31T22:15:01.396",11,2,"England","Premier League",27,"2015/2016",25,"Southampton","676, Ronald Koeman, NA, 1963-03-21, 160, Netherlands",28,"AFC Bournemouth","38, Eddie Howe, NA, 1977-11-29, 68, England",1,"Regular Season",4591,"St. Mary''s Stadium",2,"Craig Pawson",68,"England"
"291",3754192,"2016-04-30","16:00:00.000",0,3,"available","2021-07-12T14:46:12.472",36,2,"England","Premier League",27,"2015/2016",27,"West Bromwich Albion","300, Tony Pulis, NA, 1958-01-16, 249, Wales",40,"West Ham United","150, Slaven Bilić, NA, 1968-09-11, 56, Croatia",1,"Regular Season",33,"The Hawthorns",10,"Lee Mason",68,"England"
"292",3754195,"2015-12-28","16:00:00.000",1,0,"available","2022-12-01T13:48:07.744301",19,2,"England","Premier League",27,"2015/2016",27,"West Bromwich Albion","300, Tony Pulis, NA, 1958-01-16, 249, Wales",37,"Newcastle United","40, Steve McClaren, NA, 1961-05-03, 68, England",1,"Regular Season",33,"The Hawthorns",14,"Mike Jones",68,"England"
"293",3754196,"2016-03-12","16:00:00.000",1,2,"available","2021-08-03T21:27:39.371",30,2,"England","Premier League",27,"2015/2016",30,"Stoke City","55, Mark Hughes, NA, 1963-11-01, 249, Wales",25,"Southampton","676, Ronald Koeman, NA, 1963-03-21, 160, Netherlands",1,"Regular Season",29,"bet365 Stadium",10,"Lee Mason",68,"England"
"294",3754199,"2016-05-15","16:00:00.000",2,1,"available","2021-07-06T18:36:00.746",38,2,"England","Premier League",27,"2015/2016",30,"Stoke City","55, Mark Hughes, NA, 1963-11-01, 249, Wales",40,"West Ham United","150, Slaven Bilić, NA, 1968-09-11, 56, Croatia",1,"Regular Season",29,"bet365 Stadium",14,"Mike Jones",68,"England"
"295",3754200,"2016-01-23","16:00:00.000",0,1,"available","2021-07-07T20:46:36.279",23,2,"England","Premier League",27,"2015/2016",39,"Manchester United","788, Louis van Gaal, NA, 1951-08-08, 160, Netherlands",25,"Southampton","676, Ronald Koeman, NA, 1963-03-21, 160, Netherlands",1,"Regular Season",2,"Old Trafford",14,"Mike Jones",68,"England"
"296",3754201,"2016-02-02","20:45:00.000",0,0,"available","2022-12-01T13:58:52.638857",24,2,"England","Premier League",27,"2015/2016",1,"Arsenal","577, Arsène Wenger, NA, 1949-10-22, 78, France",25,"Southampton","676, Ronald Koeman, NA, 1963-03-21, 160, Netherlands",1,"Regular Season",3,"Emirates Stadium",10,"Lee Mason",68,"England"
"297",3754202,"2016-01-17","17:15:00.000",0,0,"available","2021-10-30T00:56:42.687591",22,2,"England","Premier League",27,"2015/2016",30,"Stoke City","55, Mark Hughes, NA, 1963-11-01, 249, Wales",1,"Arsenal","577, Arsène Wenger, NA, 1949-10-22, 78, France",1,"Regular Season",29,"bet365 Stadium",2,"Craig Pawson",68,"England"
"298",3754206,"2016-04-19","20:45:00.000",1,1,"available","2021-07-03T18:41:18.649",27,2,"England","Premier League",27,"2015/2016",37,"Newcastle United","148, Rafael Benítez Maudes, Rafael Benítez, 1960-04-16, 214, Spain",36,"Manchester City","733, Manuel Luis Pellegrini Ripamonti, Manuel Pellegrini, 1953-09-16, 45, Chile",1,"Regular Season",4674,"St. James'' Park",12,"Kevin Friend",68,"England"
"299",3754207,"2016-05-11","20:45:00.000",4,2,"available","2022-12-01T14:46:48.744617",35,2,"England","Premier League",27,"2015/2016",56,"Norwich City","41, Alex Neil, NA, 1981-06-09, 201, Scotland",23,"Watford","236, Enrique Sánchez Flores, Quique Sánchez Flores, 1965-02-05, 214, Spain",1,"Regular Season",220,"Carrow Road",13,"Roger East",68,"England"
"300",3754209,"2016-04-10","17:30:00.000",3,0,"available","2022-12-01T14:26:32.952942",33,2,"England","Premier League",27,"2015/2016",38,"Tottenham Hotspur","81, Mauricio Roberto Pochettino Trossero, Mauricio Pochettino, 1972-03-02, 11, Argentina",39,"Manchester United","788, Louis van Gaal, NA, 1951-08-08, 160, Netherlands",1,"Regular Season",99148,"White Hart Lane",6,"Mike Dean",68,"England"
"301",3754210,"2016-05-07","13:45:00.000",0,1,"available","2022-12-01T14:39:42.970717",37,2,"England","Premier League",27,"2015/2016",56,"Norwich City","41, Alex Neil, NA, 1981-06-09, 201, Scotland",39,"Manchester United","788, Louis van Gaal, NA, 1951-08-08, 160, Netherlands",1,"Regular Season",220,"Carrow Road",2,"Craig Pawson",68,"England"
"302",3754214,"2016-02-14","15:05:00.000",0,6,"available","2021-07-04T23:01:15.729",26,2,"England","Premier League",27,"2015/2016",59,"Aston Villa","92, Rémi Garde, NA, 1966-04-03, 78, France",24,"Liverpool","94, Jürgen Klopp, NA, 1967-06-16, 85, Germany",1,"Regular Season",211,"Villa Park",7,"Neil Swarbrick",68,"England"
"303",3754215,"2015-12-05","16:00:00.000",1,1,"available","2021-06-29T14:46:55.188",15,2,"England","Premier League",27,"2015/2016",27,"West Bromwich Albion","300, Tony Pulis, NA, 1958-01-16, 249, Wales",38,"Tottenham Hotspur","81, Mauricio Roberto Pochettino Trossero, Mauricio Pochettino, 1972-03-02, 11, Argentina",1,"Regular Season",33,"The Hawthorns",3,"Jonathan Moss",68,"England"
"304",3754216,"2016-04-17","14:30:00.000",1,2,"available","2021-07-06T18:05:19.870",34,2,"England","Premier League",27,"2015/2016",28,"AFC Bournemouth","38, Eddie Howe, NA, 1977-11-29, 68, England",24,"Liverpool","94, Jürgen Klopp, NA, 1967-06-16, 85, Germany",1,"Regular Season",71,"Vitality Stadium",14,"Mike Jones",68,"England"
"305",3754220,"2016-03-06","14:30:00.000",1,2,"available","2021-07-06T17:34:16.199",29,2,"England","Premier League",27,"2015/2016",31,"Crystal Palace","382, Alan Pardew, NA, 1961-07-18, 68, England",24,"Liverpool","94, Jürgen Klopp, NA, 1967-06-16, 85, Germany",1,"Regular Season",37,"Selhurst Park",5,"Andre Marriner",68,"England"
"306",3754224,"2016-03-19","18:30:00.000",1,0,"available","2022-12-01T14:17:01.162728",31,2,"England","Premier League",27,"2015/2016",26,"Swansea City","3626, Francesco Guidolin, NA, 1955-10-03, 112, Italy",59,"Aston Villa","92, Rémi Garde, NA, 1966-04-03, 78, France",1,"Regular Season",45,"Swansea.com Stadium",6,"Mike Dean",68,"England"
"307",3754225,"2016-05-07","16:00:00.000",1,1,"available","2021-07-07T18:19:00.023",37,2,"England","Premier League",27,"2015/2016",28,"AFC Bournemouth","38, Eddie Howe, NA, 1977-11-29, 68, England",27,"West Bromwich Albion","300, Tony Pulis, NA, 1958-01-16, 249, Wales",1,"Regular Season",71,"Vitality Stadium",728,"Mark Clattenburg",68,"England"
"308",3754227,"2016-04-17","14:30:00.000",2,2,"available","2022-12-01T14:29:41.188432",34,2,"England","Premier League",27,"2015/2016",22,"Leicester City","60, Claudio Ranieri, NA, 1951-10-20, 112, Italy",40,"West Ham United","150, Slaven Bilić, NA, 1968-09-11, 56, Croatia",1,"Regular Season",20,"King Power Stadium ",3,"Jonathan Moss",68,"England"
"309",3754228,"2016-04-24","17:15:00.000",4,0,"available","2021-11-04T19:07:31.882702",35,2,"England","Premier League",27,"2015/2016",22,"Leicester City","60, Claudio Ranieri, NA, 1951-10-20, 112, Italy",26,"Swansea City","3626, Francesco Guidolin, NA, 1955-10-03, 112, Italy",1,"Regular Season",20,"King Power Stadium ",728,"Mark Clattenburg",68,"England"
"310",3754229,"2016-05-15","16:00:00.000",1,1,"available","2021-07-08T21:30:34.319",38,2,"England","Premier League",27,"2015/2016",33,"Chelsea","3608, Guus Hiddink, NA, 1946-11-08, 160, Netherlands",22,"Leicester City","60, Claudio Ranieri, NA, 1951-10-20, 112, Italy",1,"Regular Season",10,"Stamford Bridge",2,"Craig Pawson",68,"England"
"311",3754231,"2016-03-01","20:45:00.000",2,2,"available","2021-07-02T15:01:44.084",28,2,"England","Premier League",27,"2015/2016",22,"Leicester City","60, Claudio Ranieri, NA, 1951-10-20, 112, Italy",27,"West Bromwich Albion","300, Tony Pulis, NA, 1958-01-16, 249, Wales",1,"Regular Season",20,"King Power Stadium ",728,"Mark Clattenburg",68,"England"
"312",3754232,"2016-03-02","21:00:00.000",1,0,"available","2022-12-01T14:11:32.381247",28,2,"England","Premier League",27,"2015/2016",39,"Manchester United","788, Louis van Gaal, NA, 1951-08-08, 160, Netherlands",23,"Watford","236, Enrique Sánchez Flores, Quique Sánchez Flores, 1965-02-05, 214, Spain",1,"Regular Season",2,"Old Trafford",14,"Mike Jones",68,"England"
"313",3754236,"2016-02-27","18:30:00.000",3,2,"available","2021-06-28T22:07:27.231",27,2,"England","Premier League",27,"2015/2016",27,"West Bromwich Albion","300, Tony Pulis, NA, 1958-01-16, 249, Wales",31,"Crystal Palace","382, Alan Pardew, NA, 1961-07-18, 68, England",1,"Regular Season",33,"The Hawthorns",3,"Jonathan Moss",68,"England"
"314",3754239,"2016-02-28","15:05:00.000",3,2,"available","2021-07-16T16:57:27.853",27,2,"England","Premier League",27,"2015/2016",39,"Manchester United","788, Louis van Gaal, NA, 1951-08-08, 160, Netherlands",1,"Arsenal","577, Arsène Wenger, NA, 1949-10-22, 78, France",1,"Regular Season",2,"Old Trafford",2,"Craig Pawson",68,"England"
"315",3754241,"2016-04-09","13:45:00.000",3,3,"available","2022-12-01T14:22:15.541147",33,2,"England","Premier League",27,"2015/2016",40,"West Ham United","150, Slaven Bilić, NA, 1968-09-11, 56, Croatia",1,"Arsenal","577, Arsène Wenger, NA, 1949-10-22, 78, France",1,"Regular Season",115324,"Boleyn Ground",2,"Craig Pawson",68,"England"
"316",3754242,"2016-04-23","16:00:00.000",1,4,"available","2021-07-27T18:18:56.222",35,2,"England","Premier League",27,"2015/2016",28,"AFC Bournemouth","38, Eddie Howe, NA, 1977-11-29, 68, England",33,"Chelsea","3608, Guus Hiddink, NA, 1946-11-08, 160, Netherlands",1,"Regular Season",71,"Vitality Stadium",13,"Roger East",68,"England"
"317",3754243,"2016-04-02","16:00:00.000",3,2,"available","2021-07-06T17:57:18.472",32,2,"England","Premier League",27,"2015/2016",56,"Norwich City","41, Alex Neil, NA, 1981-06-09, 201, Scotland",37,"Newcastle United","148, Rafael Benítez Maudes, Rafael Benítez, 1960-04-16, 214, Spain",1,"Regular Season",220,"Carrow Road",6,"Mike Dean",68,"England"
"318",3754244,"2016-02-13","16:00:00.000",2,2,"available","2021-06-29T20:21:18.721",26,2,"England","Premier League",27,"2015/2016",56,"Norwich City","41, Alex Neil, NA, 1981-06-09, 201, Scotland",40,"West Ham United","150, Slaven Bilić, NA, 1968-09-11, 56, Croatia",1,"Regular Season",220,"Carrow Road",14,"Mike Jones",68,"England"
"319",3754249,"2016-03-05","16:00:00.000",4,0,"available","2021-07-06T17:16:19.798",29,2,"England","Premier League",27,"2015/2016",36,"Manchester City","733, Manuel Luis Pellegrini Ripamonti, Manuel Pellegrini, 1953-09-16, 45, Chile",59,"Aston Villa","92, Rémi Garde, NA, 1966-04-03, 78, France",1,"Regular Season",4715,"Etihad Stadium",10,"Lee Mason",68,"England"
"320",3754250,"2016-01-16","18:30:00.000",1,1,"available","2021-06-29T18:47:46.821",22,2,"England","Premier League",27,"2015/2016",59,"Aston Villa","92, Rémi Garde, NA, 1966-04-03, 78, France",22,"Leicester City","60, Claudio Ranieri, NA, 1951-10-20, 112, Italy",1,"Regular Season",211,"Villa Park",13,"Roger East",68,"England"
"321",3754251,"2016-01-02","13:45:00.000",2,0,"available","2021-10-29T23:52:02.560317",20,2,"England","Premier League",27,"2015/2016",40,"West Ham United","150, Slaven Bilić, NA, 1968-09-11, 56, Croatia",24,"Liverpool","94, Jürgen Klopp, NA, 1967-06-16, 85, Germany",1,"Regular Season",115324,"Boleyn Ground",9,"Robert Madley",68,"England"
"322",3754252,"2016-02-03","20:45:00.000",3,0,"available","2021-07-03T14:51:48.886",24,2,"England","Premier League",27,"2015/2016",29,"Everton","263, Roberto Martínez Montoliú, Roberto Martínez, 1973-07-13, 214, Spain",37,"Newcastle United","40, Steve McClaren, NA, 1961-05-03, 68, England",1,"Regular Season",12,"Goodison Park",2,"Craig Pawson",68,"England"
"323",3754253,"2016-02-07","14:30:00.000",0,2,"available","2021-06-28T18:53:43.786",25,2,"England","Premier League",27,"2015/2016",28,"AFC Bournemouth","38, Eddie Howe, NA, 1977-11-29, 68, England",1,"Arsenal","577, Arsène Wenger, NA, 1949-10-22, 78, France",1,"Regular Season",71,"Vitality Stadium",12,"Kevin Friend",68,"England"
"324",3754260,"2016-01-16","16:00:00.000",4,0,"available","2021-06-28T21:59:19.393",22,2,"England","Premier League",27,"2015/2016",36,"Manchester City","733, Manuel Luis Pellegrini Ripamonti, Manuel Pellegrini, 1953-09-16, 45, Chile",31,"Crystal Palace","382, Alan Pardew, NA, 1961-07-18, 68, England",1,"Regular Season",4715,"Etihad Stadium",3,"Jonathan Moss",68,"England"
"325",3754261,"2016-02-14","13:00:00.000",2,1,"available","2022-12-01T14:02:28.605414",26,2,"England","Premier League",27,"2015/2016",1,"Arsenal","577, Arsène Wenger, NA, 1949-10-22, 78, France",22,"Leicester City","60, Claudio Ranieri, NA, 1951-10-20, 112, Italy",1,"Regular Season",3,"Emirates Stadium",4,"Martin Atkinson",68,"England"
"326",3754262,"2016-04-09","16:00:00.000",1,2,"available","2021-07-11T14:50:19.137",33,2,"England","Premier League",27,"2015/2016",59,"Aston Villa","5020, Eric Black, NA, 1963-10-01, 201, Scotland",28,"AFC Bournemouth","38, Eddie Howe, NA, 1977-11-29, 68, England",1,"Regular Season",211,"Villa Park",4,"Martin Atkinson",68,"England"
"327",3754264,"2016-02-13","18:30:00.000",5,1,"available","2021-06-28T18:56:26.960",26,2,"England","Premier League",27,"2015/2016",33,"Chelsea","3608, Guus Hiddink, NA, 1946-11-08, 160, Netherlands",37,"Newcastle United","40, Steve McClaren, NA, 1961-05-03, 68, England",1,"Regular Season",10,"Stamford Bridge",13,"Roger East",68,"England"
"328",3754295,"2016-04-16","16:00:00.000",1,0,"available","2021-07-06T18:02:56.981",34,2,"England","Premier League",27,"2015/2016",39,"Manchester United","788, Louis van Gaal, NA, 1951-08-08, 160, Netherlands",59,"Aston Villa","5020, Eric Black, NA, 1963-10-01, 201, Scotland",1,"Regular Season",2,"Old Trafford",12,"Kevin Friend",68,"England"
"329",3754271,"2016-01-23","16:00:00.000",2,1,"available","2023-07-12T13:59:45.191483",23,2,"England","Premier League",27,"2015/2016",23,"Watford","236, Enrique Sánchez Flores, Quique Sánchez Flores, 1965-02-05, 214, Spain",37,"Newcastle United","40, Steve McClaren, NA, 1961-05-03, 68, England",1,"Regular Season",4589,"Vicarage Road",5,"Andre Marriner",68,"England"
"330",3754272,"2016-04-02","16:00:00.000",2,2,"available","2021-07-06T17:55:32.614",32,2,"England","Premier League",27,"2015/2016",30,"Stoke City","55, Mark Hughes, NA, 1963-11-01, 249, Wales",26,"Swansea City","3626, Francesco Guidolin, NA, 1955-10-03, 112, Italy",1,"Regular Season",29,"bet365 Stadium",4,"Martin Atkinson",68,"England"
"331",3754274,"2016-02-13","16:00:00.000",1,3,"available","2021-06-28T18:57:38.342",26,2,"England","Premier League",27,"2015/2016",28,"AFC Bournemouth","38, Eddie Howe, NA, 1977-11-29, 68, England",30,"Stoke City","55, Mark Hughes, NA, 1963-11-01, 249, Wales",1,"Regular Season",71,"Vitality Stadium",11,"Graham Scott",68,"England"
"332",3754275,"2016-02-02","20:45:00.000",2,0,"available","2021-08-07T22:06:42.130",24,2,"England","Premier League",27,"2015/2016",22,"Leicester City","60, Claudio Ranieri, NA, 1951-10-20, 112, Italy",24,"Liverpool","94, Jürgen Klopp, NA, 1967-06-16, 85, Germany",1,"Regular Season",20,"King Power Stadium ",5,"Andre Marriner",68,"England"
"333",3754277,"2016-03-05","16:00:00.000",2,3,"available","2021-11-04T18:12:18.527779",29,2,"England","Premier League",27,"2015/2016",29,"Everton","263, Roberto Martínez Montoliú, Roberto Martínez, 1973-07-13, 214, Spain",40,"West Ham United","150, Slaven Bilić, NA, 1968-09-11, 56, Croatia",1,"Regular Season",12,"Goodison Park",8,"Anthony Taylor",68,"England"
"334",3754280,"2016-03-01","20:45:00.000",1,2,"available","2021-07-05T23:07:55.731",28,2,"England","Premier League",27,"2015/2016",56,"Norwich City","41, Alex Neil, NA, 1981-06-09, 201, Scotland",33,"Chelsea","3608, Guus Hiddink, NA, 1946-11-08, 160, Netherlands",1,"Regular Season",220,"Carrow Road",10,"Lee Mason",68,"England"
"335",3754281,"2016-02-07","17:00:00.000",1,1,"available","2022-01-25T22:46:43.172673",25,2,"England","Premier League",27,"2015/2016",33,"Chelsea","3608, Guus Hiddink, NA, 1946-11-08, 160, Netherlands",39,"Manchester United","788, Louis van Gaal, NA, 1951-08-08, 160, Netherlands",1,"Regular Season",10,"Stamford Bridge",1,"Michael Oliver",68,"England"
"336",3754282,"2016-04-23","16:00:00.000",2,4,"available","2022-12-01T14:32:35.514804",35,2,"England","Premier League",27,"2015/2016",59,"Aston Villa","5020, Eric Black, NA, 1963-10-01, 201, Scotland",25,"Southampton","676, Ronald Koeman, NA, 1963-03-21, 160, Netherlands",1,"Regular Season",211,"Villa Park",7,"Neil Swarbrick",68,"England"
"337",3754284,"2016-04-21","20:45:00.000",2,0,"available","2021-07-06T18:08:15.386",30,2,"England","Premier League",27,"2015/2016",1,"Arsenal","577, Arsène Wenger, NA, 1949-10-22, 78, France",27,"West Bromwich Albion","300, Tony Pulis, NA, 1958-01-16, 249, Wales",1,"Regular Season",3,"Emirates Stadium",3,"Jonathan Moss",68,"England"
"338",3754289,"2016-03-05","18:30:00.000",0,1,"available","2022-12-01T14:14:07.271809",29,2,"England","Premier League",27,"2015/2016",23,"Watford","236, Enrique Sánchez Flores, Quique Sánchez Flores, 1965-02-05, 214, Spain",22,"Leicester City","60, Claudio Ranieri, NA, 1951-10-20, 112, Italy",1,"Regular Season",4589,"Vicarage Road",3,"Jonathan Moss",68,"England"
"339",3754290,"2016-02-06","13:45:00.000",1,3,"available","2021-07-26T18:29:21.038",25,2,"England","Premier League",27,"2015/2016",36,"Manchester City","733, Manuel Luis Pellegrini Ripamonti, Manuel Pellegrini, 1953-09-16, 45, Chile",22,"Leicester City","60, Claudio Ranieri, NA, 1951-10-20, 112, Italy",1,"Regular Season",4715,"Etihad Stadium",8,"Anthony Taylor",68,"England"
"340",3754292,"2016-02-06","16:00:00.000",1,0,"available","2021-06-30T21:15:57.620",25,2,"England","Premier League",27,"2015/2016",37,"Newcastle United","40, Steve McClaren, NA, 1961-05-03, 68, England",27,"West Bromwich Albion","300, Tony Pulis, NA, 1958-01-16, 249, Wales",1,"Regular Season",4674,"St. James'' Park",10,"Lee Mason",68,"England"
"341",3754294,"2016-04-20","21:00:00.000",4,0,"available","2021-07-06T20:49:53.595",27,2,"England","Premier League",27,"2015/2016",24,"Liverpool","94, Jürgen Klopp, NA, 1967-06-16, 85, Germany",29,"Everton","263, Roberto Martínez Montoliú, Roberto Martínez, 1973-07-13, 214, Spain",1,"Regular Season",6,"Anfield ",9,"Robert Madley",68,"England"
"342",3754248,"2015-12-26","16:00:00.000",0,0,"available","2021-07-31T22:15:29.090",18,2,"England","Premier League",27,"2015/2016",28,"AFC Bournemouth","38, Eddie Howe, NA, 1977-11-29, 68, England",31,"Crystal Palace","382, Alan Pardew, NA, 1961-07-18, 68, England",1,"Regular Season",71,"Vitality Stadium",1,"Michael Oliver",68,"England"
"343",3754299,"2016-04-03","17:00:00.000",1,0,"available","2021-11-04T18:55:55.405707",32,2,"England","Premier League",27,"2015/2016",39,"Manchester United","788, Louis van Gaal, NA, 1951-08-08, 160, Netherlands",29,"Everton","263, Roberto Martínez Montoliú, Roberto Martínez, 1973-07-13, 214, Spain",1,"Regular Season",2,"Old Trafford",5,"Andre Marriner",68,"England"
"344",3754303,"2016-02-06","16:00:00.000",1,1,"available","2021-07-02T14:47:57.701",25,2,"England","Premier League",27,"2015/2016",26,"Swansea City","3626, Francesco Guidolin, NA, 1955-10-03, 112, Italy",31,"Crystal Palace","382, Alan Pardew, NA, 1961-07-18, 68, England",1,"Regular Season",45,"Swansea.com Stadium",6,"Mike Dean",68,"England"
"345",3754305,"2016-01-13","21:00:00.000",3,3,"available","2022-12-01T13:51:05.910614",21,2,"England","Premier League",27,"2015/2016",24,"Liverpool","94, Jürgen Klopp, NA, 1967-06-16, 85, Germany",1,"Arsenal","577, Arsène Wenger, NA, 1949-10-22, 78, France",1,"Regular Season",6,"Anfield ",14,"Mike Jones",68,"England"
"346",3754306,"2016-02-06","16:00:00.000",2,0,"available","2022-12-01T13:59:46.502862",25,2,"England","Premier League",27,"2015/2016",59,"Aston Villa","92, Rémi Garde, NA, 1966-04-03, 78, France",56,"Norwich City","41, Alex Neil, NA, 1981-06-09, 201, Scotland",1,"Regular Season",211,"Villa Park",4,"Martin Atkinson",68,"England"
"347",3754307,"2016-04-23","13:45:00.000",4,0,"available","2021-07-07T17:13:16.449",35,2,"England","Premier League",27,"2015/2016",36,"Manchester City","733, Manuel Luis Pellegrini Ripamonti, Manuel Pellegrini, 1953-09-16, 45, Chile",30,"Stoke City","55, Mark Hughes, NA, 1963-11-01, 249, Wales",1,"Regular Season",4715,"Etihad Stadium",9,"Robert Madley",68,"England"
"348",3754308,"2016-05-15","16:00:00.000",2,2,"available","2022-12-01T14:50:24.749450",38,2,"England","Premier League",27,"2015/2016",23,"Watford","236, Enrique Sánchez Flores, Quique Sánchez Flores, 1965-02-05, 214, Spain",41,"Sunderland","561, Sam Allardyce, NA, 1954-10-19, 68, England",1,"Regular Season",4589,"Vicarage Road",12,"Kevin Friend",68,"England"
"349",3754310,"2016-04-20","21:00:00.000",2,0,"available","2021-07-06T18:07:40.704",30,2,"England","Premier League",27,"2015/2016",39,"Manchester United","788, Louis van Gaal, NA, 1951-08-08, 160, Netherlands",31,"Crystal Palace","382, Alan Pardew, NA, 1961-07-18, 68, England",1,"Regular Season",2,"Old Trafford",10,"Lee Mason",68,"England"
"350",3754313,"2016-03-12","13:45:00.000",0,0,"available","2022-12-01T14:15:08.060071",30,2,"England","Premier League",27,"2015/2016",56,"Norwich City","41, Alex Neil, NA, 1981-06-09, 201, Scotland",36,"Manchester City","733, Manuel Luis Pellegrini Ripamonti, Manuel Pellegrini, 1953-09-16, 45, Chile",1,"Regular Season",220,"Carrow Road",3,"Jonathan Moss",68,"England"
"351",3754314,"2016-05-08","17:00:00.000",2,2,"available","2022-12-01T14:43:33.572040",37,2,"England","Premier League",27,"2015/2016",36,"Manchester City","733, Manuel Luis Pellegrini Ripamonti, Manuel Pellegrini, 1953-09-16, 45, Chile",1,"Arsenal","577, Arsène Wenger, NA, 1949-10-22, 78, France",1,"Regular Season",4715,"Etihad Stadium",8,"Anthony Taylor",68,"England"
"352",3754316,"2016-02-06","16:00:00.000",2,2,"available","2021-10-30T01:27:27.625847",25,2,"England","Premier League",27,"2015/2016",24,"Liverpool","94, Jürgen Klopp, NA, 1967-06-16, 85, Germany",41,"Sunderland","561, Sam Allardyce, NA, 1954-10-19, 68, England",1,"Regular Season",6,"Anfield ",9,"Robert Madley",68,"England"
"353",3754317,"2016-02-02","20:45:00.000",0,3,"available","2022-12-01T13:56:50.633990",24,2,"England","Premier League",27,"2015/2016",56,"Norwich City","41, Alex Neil, NA, 1981-06-09, 201, Scotland",38,"Tottenham Hotspur","81, Mauricio Roberto Pochettino Trossero, Mauricio Pochettino, 1972-03-02, 11, Argentina",1,"Regular Season",220,"Carrow Road",12,"Kevin Friend",68,"England"
"354",3754318,"2016-03-05","13:45:00.000",2,2,"available","2022-12-01T14:13:14.220332",29,2,"England","Premier League",27,"2015/2016",38,"Tottenham Hotspur","81, Mauricio Roberto Pochettino Trossero, Mauricio Pochettino, 1972-03-02, 11, Argentina",1,"Arsenal","577, Arsène Wenger, NA, 1949-10-22, 78, France",1,"Regular Season",99148,"White Hart Lane",1,"Michael Oliver",68,"England"
"355",3754319,"2016-01-02","16:00:00.000",2,1,"available","2021-06-28T15:12:06.739",20,2,"England","Premier League",27,"2015/2016",39,"Manchester United","788, Louis van Gaal, NA, 1951-08-08, 160, Netherlands",26,"Swansea City","4711, Alan Curtis, NA, 1954-04-16, 249, Wales",1,"Regular Season",2,"Old Trafford",3,"Jonathan Moss",68,"England"
"356",3754320,"2016-05-01","17:30:00.000",4,2,"available","2021-07-06T18:27:47.200",36,2,"England","Premier League",27,"2015/2016",25,"Southampton","676, Ronald Koeman, NA, 1963-03-21, 160, Netherlands",36,"Manchester City","733, Manuel Luis Pellegrini Ripamonti, Manuel Pellegrini, 1953-09-16, 45, Chile",1,"Regular Season",4591,"St. Mary''s Stadium",5,"Andre Marriner",68,"England"
"357",3754321,"2016-02-27","16:00:00.000",2,1,"available","2021-06-30T21:40:03.898",27,2,"England","Premier League",27,"2015/2016",30,"Stoke City","55, Mark Hughes, NA, 1963-11-01, 249, Wales",59,"Aston Villa","92, Rémi Garde, NA, 1966-04-03, 78, France",1,"Regular Season",29,"bet365 Stadium",12,"Kevin Friend",68,"England"
"358",3754322,"2016-04-16","18:30:00.000",0,3,"available","2021-07-07T16:59:38.235",34,2,"England","Premier League",27,"2015/2016",33,"Chelsea","3608, Guus Hiddink, NA, 1946-11-08, 160, Netherlands",36,"Manchester City","733, Manuel Luis Pellegrini Ripamonti, Manuel Pellegrini, 1953-09-16, 45, Chile",1,"Regular Season",10,"Stamford Bridge",6,"Mike Dean",68,"England"
"359",3754324,"2016-02-28","15:05:00.000",2,1,"available","2022-12-01T14:06:11.923351",27,2,"England","Premier League",27,"2015/2016",38,"Tottenham Hotspur","81, Mauricio Roberto Pochettino Trossero, Mauricio Pochettino, 1972-03-02, 11, Argentina",26,"Swansea City","3626, Francesco Guidolin, NA, 1955-10-03, 112, Italy",1,"Regular Season",99148,"White Hart Lane",14,"Mike Jones",68,"England"
"360",3754326,"2015-12-28","16:00:00.000",0,0,"available","2022-12-01T13:45:33.542312",19,2,"England","Premier League",27,"2015/2016",31,"Crystal Palace","382, Alan Pardew, NA, 1961-07-18, 68, England",26,"Swansea City","4711, Alan Curtis, NA, 1954-04-16, 249, Wales",1,"Regular Season",37,"Selhurst Park",7,"Neil Swarbrick",68,"England"
"361",3754327,"2016-03-01","20:45:00.000",1,3,"available","2022-12-01T14:07:02.123384",28,2,"England","Premier League",27,"2015/2016",59,"Aston Villa","92, Rémi Garde, NA, 1966-04-03, 78, France",29,"Everton","263, Roberto Martínez Montoliú, Roberto Martínez, 1973-07-13, 214, Spain",1,"Regular Season",211,"Villa Park",13,"Roger East",68,"England"
"362",3754331,"2016-02-27","13:45:00.000",1,0,"available","2022-12-01T14:06:01.295075",27,2,"England","Premier League",27,"2015/2016",40,"West Ham United","150, Slaven Bilić, NA, 1968-09-11, 56, Croatia",41,"Sunderland","561, Sam Allardyce, NA, 1954-10-19, 68, England",1,"Regular Season",115324,"Boleyn Ground",6,"Mike Dean",68,"England"
"363",3754332,"2016-04-25","21:00:00.000",1,1,"available","2021-07-07T17:46:25.604",35,2,"England","Premier League",27,"2015/2016",38,"Tottenham Hotspur","81, Mauricio Roberto Pochettino Trossero, Mauricio Pochettino, 1972-03-02, 11, Argentina",27,"West Bromwich Albion","300, Tony Pulis, NA, 1958-01-16, 249, Wales",1,"Regular Season",99148,"White Hart Lane",14,"Mike Jones",68,"England"
"364",3754333,"2016-05-15","16:00:00.000",5,1,"available","2021-12-03T22:58:57.593935",38,2,"England","Premier League",27,"2015/2016",37,"Newcastle United","148, Rafael Benítez Maudes, Rafael Benítez, 1960-04-16, 214, Spain",38,"Tottenham Hotspur","81, Mauricio Roberto Pochettino Trossero, Mauricio Pochettino, 1972-03-02, 11, Argentina",1,"Regular Season",4674,"St. James'' Park",8,"Anthony Taylor",68,"England"
"365",3754334,"2016-03-01","20:45:00.000",2,0,"available","2022-12-01T14:07:50.051638",28,2,"England","Premier League",27,"2015/2016",28,"AFC Bournemouth","38, Eddie Howe, NA, 1977-11-29, 68, England",25,"Southampton","676, Ronald Koeman, NA, 1963-03-21, 160, Netherlands",1,"Regular Season",71,"Vitality Stadium",6,"Mike Dean",68,"England"
"366",3754338,"2016-01-16","16:00:00.000",2,1,"available","2022-12-01T13:54:22.583939",22,2,"England","Premier League",27,"2015/2016",37,"Newcastle United","40, Steve McClaren, NA, 1961-05-03, 68, England",40,"West Ham United","150, Slaven Bilić, NA, 1968-09-11, 56, Croatia",1,"Regular Season",4674,"St. James'' Park",7,"Neil Swarbrick",68,"England"
"367",3754340,"2016-02-02","21:00:00.000",1,1,"available","2021-10-30T01:12:07.192015",24,2,"England","Premier League",27,"2015/2016",27,"West Bromwich Albion","300, Tony Pulis, NA, 1958-01-16, 249, Wales",26,"Swansea City","3626, Francesco Guidolin, NA, 1955-10-03, 112, Italy",1,"Regular Season",33,"The Hawthorns",7,"Neil Swarbrick",68,"England"
"368",3754341,"2016-01-23","16:00:00.000",3,0,"available","2021-06-29T19:03:01.673",23,2,"England","Premier League",27,"2015/2016",22,"Leicester City","60, Claudio Ranieri, NA, 1951-10-20, 112, Italy",30,"Stoke City","55, Mark Hughes, NA, 1963-11-01, 249, Wales",1,"Regular Season",20,"King Power Stadium ",6,"Mike Dean",68,"England"
"369",3754342,"2016-05-08","17:00:00.000",2,0,"available","2022-12-01T14:42:19.247572",37,2,"England","Premier League",27,"2015/2016",24,"Liverpool","94, Jürgen Klopp, NA, 1967-06-16, 85, Germany",23,"Watford","236, Enrique Sánchez Flores, Quique Sánchez Flores, 1965-02-05, 214, Spain",1,"Regular Season",6,"Anfield ",10,"Lee Mason",68,"England"
"370",3754345,"2016-01-17","15:05:00.000",0,1,"available","2021-08-07T22:01:57.891",22,2,"England","Premier League",27,"2015/2016",24,"Liverpool","94, Jürgen Klopp, NA, 1967-06-16, 85, Germany",39,"Manchester United","788, Louis van Gaal, NA, 1951-08-08, 160, Netherlands",1,"Regular Season",6,"Anfield ",728,"Mark Clattenburg",68,"England"
"371",3754346,"2016-01-02","18:30:00.000",1,2,"available","2021-06-29T14:58:35.063",20,2,"England","Premier League",27,"2015/2016",23,"Watford","236, Enrique Sánchez Flores, Quique Sánchez Flores, 1965-02-05, 214, Spain",36,"Manchester City","733, Manuel Luis Pellegrini Ripamonti, Manuel Pellegrini, 1953-09-16, 45, Chile",1,"Regular Season",4589,"Vicarage Road",4,"Martin Atkinson",68,"England"
"372",3754348,"2016-01-23","13:45:00.000",4,5,"available","2021-06-28T22:00:05.502",23,2,"England","Premier League",27,"2015/2016",56,"Norwich City","41, Alex Neil, NA, 1981-06-09, 201, Scotland",24,"Liverpool","94, Jürgen Klopp, NA, 1967-06-16, 85, Germany",1,"Regular Season",220,"Carrow Road",10,"Lee Mason",68,"England"
"373",3754349,"2016-03-02","20:45:00.000",1,0,"available","2022-12-01T14:09:36.386202",28,2,"England","Premier League",27,"2015/2016",40,"West Ham United","150, Slaven Bilić, NA, 1968-09-11, 56, Croatia",38,"Tottenham Hotspur","81, Mauricio Roberto Pochettino Trossero, Mauricio Pochettino, 1972-03-02, 11, Argentina",1,"Regular Season",115324,"Boleyn Ground",5,"Andre Marriner",68,"England"
"374",3754350,"2016-02-13","16:00:00.000",0,1,"available","2021-06-30T21:34:50.306",26,2,"England","Premier League",27,"2015/2016",29,"Everton","263, Roberto Martínez Montoliú, Roberto Martínez, 1973-07-13, 214, Spain",27,"West Bromwich Albion","300, Tony Pulis, NA, 1958-01-16, 249, Wales",1,"Regular Season",12,"Goodison Park",1,"Michael Oliver",68,"England"
"375",3754258,"2015-11-08","14:30:00.000",0,0,"available","2020-11-29T14:07:50.969020",12,2,"England","Premier League",27,"2015/2016",59,"Aston Villa","92, Rémi Garde, NA, 1966-04-03, 78, France",36,"Manchester City","733, Manuel Luis Pellegrini Ripamonti, Manuel Pellegrini, 1953-09-16, 45, Chile",1,"Regular Season",211,"Villa Park",2,"Craig Pawson",68,"England"
"376",3754020,"2015-08-17","21:00:00.000",1,0,"available","2022-07-08T21:26:42.829047",2,2,"England","Premier League",27,"2015/2016",24,"Liverpool","6, Brendan Rodgers, NA, 1973-01-26, 169, Northern Ireland",28,"AFC Bournemouth","38, Eddie Howe, NA, 1977-11-29, 68, England",1,"Regular Season",6,"Anfield ",2,"Craig Pawson",68,"England"
"377",3754267,"2015-08-15","16:00:00.000",0,0,"available","2020-07-29T05:00",2,2,"England","Premier League",27,"2015/2016",23,"Watford","236, Enrique Sánchez Flores, Quique Sánchez Flores, 1965-02-05, 214, Spain",27,"West Bromwich Albion","300, Tony Pulis, NA, 1958-01-16, 249, Wales",1,"Regular Season",4589,"Vicarage Road",17,"Paul Tierney",68,"England"
"378",3754141,"2015-08-09","14:30:00.000",0,2,"available","2020-08-24T23:30:31.273938",1,2,"England","Premier League",27,"2015/2016",1,"Arsenal","577, Arsène Wenger, NA, 1949-10-22, 78, France",40,"West Ham United","150, Slaven Bilić, NA, 1968-09-11, 56, Croatia",1,"Regular Season",3,"Emirates Stadium",4,"Martin Atkinson",68,"England"
"379",3754128,"2015-08-08","16:00:00.000",0,1,"available","2022-07-08T20:29:32.062770",1,2,"England","Premier League",27,"2015/2016",28,"AFC Bournemouth","38, Eddie Howe, NA, 1977-11-29, 68, England",59,"Aston Villa","5003, Tim Sherwood, NA, 1969-02-06, 68, England",1,"Regular Season",71,"Vitality Stadium",728,"Mark Clattenburg",68,"England"
"380",3754078,"2015-08-08","18:30:00.000",2,2,"available","2022-07-08T20:50:15.565471",1,2,"England","Premier League",27,"2015/2016",33,"Chelsea","383, José Mario Felix dos Santos Mourinho, José Mourinho, 1963-01-26, 183, Portugal",26,"Swansea City","270, Garry Monk, NA, 1979-03-06, 68, England",1,"Regular Season",10,"Stamford Bridge",1,"Michael Oliver",68,"England"
